timestamp,position 1,velocity 1,torque 1,power 1,pressure 1,foot_contact 1,position 3,velocity 3,torque 3,power 3,pressure 3,foot_contact 3
1719247115.3744087,0.0277,0.0211,0.0,0.0,102.0519,False,-0.2966,0.0138,0.0,-0.0,102.8487,False
1719247115.409571,0.0279,0.0094,-0.0224,0.0,102.1456,False,-0.2968,0.0191,0.015,0.0,102.8019,False
1719247115.4407027,0.0274,-0.0144,0.011,0.0,102.0987,False,-0.2969,0.0004,0.0179,0.0,102.8487,False
1719247115.471239,0.0277,0.0138,-0.0082,-0.0,102.0519,False,-0.2969,-0.0075,0.03,0.0,102.7081,False
1719247115.5017655,0.0276,-0.0148,0.0048,0.0,102.0987,False,-0.2961,0.0296,-0.0227,0.0,102.755,False
1719247115.5482788,0.0276,-0.0264,0.002,0.0,102.0987,False,-0.2964,-0.0106,-0.0379,0.0,102.8019,False
1719247115.5778034,0.0276,-0.0182,-0.0027,0.0,102.0987,False,-0.2964,0.0088,-0.048,0.0,102.8019,False
1719247115.6091251,0.0277,0.0097,0.0,0.0,102.1456,False,-0.2965,0.0024,0.0027,0.0,102.7081,False
1719247115.6407802,0.0276,-0.013,0.0048,0.0,102.1456,False,-0.2965,0.0088,0.0004,0.0,102.8956,False
1719247115.6714144,0.0276,-0.0007,-0.0013,0.0,102.0519,False,-0.2966,-0.022,-0.0078,0.0,102.8487,False
1719247115.7014897,0.0276,-0.0224,-0.0115,-0.0,102.0519,False,-0.2965,-0.009,0.0023,0.0,102.7081,False
1719247115.7329977,0.0277,-0.0103,-0.0013,0.0,102.0519,False,-0.2965,0.009,-0.0023,-0.0,102.7081,False
1719247115.7636456,0.0276,-0.0057,-0.0075,0.0,102.0519,False,-0.2966,-0.0087,-0.005,-0.0,102.6612,False
1719247115.7941096,0.0277,0.0041,-0.0034,-0.0,102.0519,False,-0.2966,-0.015,0.005,0.0,102.8487,False
1719247115.8256996,0.0276,-0.0154,-0.0095,0.0,102.1456,False,-0.2965,0.0139,0.0045,0.0,102.7081,False
1719247115.8574734,0.0276,-0.0051,0.0034,0.0,102.0987,False,-0.2965,-0.0033,0.0,0.0,102.7081,False
1719247115.8890872,0.0277,-0.0014,0.0013,0.0,102.0519,False,-0.2965,0.0074,-0.0027,0.0,102.7081,False
1719247115.9195607,0.0276,-0.003,0.0014,0.0,102.0987,False,-0.2965,0.0063,-0.0027,0.0,102.5206,False
1719247115.9496157,0.0276,0.0004,0.0,0.0,102.0987,False,-0.2966,-0.0105,0.0055,0.0,102.6612,False
1719247115.9802482,0.0276,-0.0049,0.0021,0.0,102.0987,False,-0.2965,-0.0011,0.0009,0.0,102.9425,False
1719247116.0105443,0.0276,-0.0097,-0.0095,0.0,102.1925,False,-0.2966,-0.0193,-0.005,-0.0,102.6612,False
1719247116.0412655,0.0276,-0.0022,0.0021,0.0,102.1925,False,-0.2965,-0.0016,0.0,0.0,102.8487,False
1719247116.0727754,0.0276,-0.0115,-0.0116,-0.0,102.1456,False,-0.2965,0.0088,-0.005,-0.0,102.6612,False
1719247116.1016765,0.0277,0.0056,-0.0013,0.0,102.1925,False,-0.2964,0.0168,-0.0023,-0.0,102.5675,False
1719247116.1330748,0.0277,0.0072,0.0047,0.0,102.2862,False,-0.2965,-0.0016,0.0031,0.0,102.5675,False
1719247116.1763952,0.0277,0.0055,-0.0069,-0.0,102.2862,False,-0.2965,0.0025,-0.0,0.0,102.5675,False
1719247116.2083583,0.0277,0.0,-0.0013,0.0,102.3331,False,-0.2965,-0.0012,-0.0067,-0.0,102.4737,False
1719247116.2394695,0.0277,-0.0019,-0.0,0.0,102.2394,False,-0.2965,-0.0054,0.005,0.0,102.6612,False
1719247116.2705371,0.0276,-0.0075,0.0095,0.0,102.1456,False,-0.2965,-0.006,-0.0023,-0.0,102.8487,False
1719247116.3010967,0.0276,-0.0039,-0.0068,-0.0,102.0519,False,-0.2965,-0.0115,-0.0027,0.0,102.755,False
1719247116.3306012,0.0277,0.0252,-0.0095,0.0,102.0519,False,-0.2965,0.0092,0.0023,0.0,102.8956,False
1719247116.3604937,0.0277,0.0079,0.0013,0.0,102.0987,False,-0.2965,0.001,0.01,0.0,102.8956,False
1719247116.3912394,0.0277,0.0031,0.0198,0.0,102.0987,False,-0.2965,-0.015,-0.0092,-0.0,102.755,False
1719247116.4221888,0.0276,-0.0144,0.0197,0.0,102.0519,False,-0.2965,-0.0041,0.0101,0.0,102.6612,False
1719247116.452607,0.0276,-0.0082,-0.0013,0.0,102.1456,False,-0.2965,-0.0063,0.0004,-0.0,102.4269,False
1719247116.4824045,0.0277,0.0027,0.0,0.0,102.0987,False,-0.2965,0.0097,0.0078,0.0,102.4737,False
1719247116.5122566,0.0276,-0.0063,-0.0021,-0.0,102.1456,False,-0.2965,0.0041,-0.005,-0.0,102.4737,False
1719247116.5274038,0.0276,-0.0112,0.002,0.0,102.2394,False,-0.2966,-0.0177,0.0055,0.0,102.5206,False
1719247116.5583086,0.0277,-0.0014,0.0087,0.0,102.2394,False,-0.2965,0.0046,-0.0005,-0.0,102.5675,False
1719247116.58858,0.0277,-0.0024,0.0013,0.0,102.2394,False,-0.2965,0.0029,-0.0123,-0.0,102.7081,False
1719247116.619215,0.0277,-0.0027,-0.0,0.0,102.38,False,-0.2965,0.0179,-0.0023,-0.0,102.8019,False
1719247116.6498969,0.0277,-0.0129,0.0108,0.0,102.5675,False,-0.2965,0.0056,0.0028,0.0,102.8487,False
1719247116.6802444,0.0276,-0.003,0.0047,0.0,102.755,False,-0.2964,0.0164,0.0023,0.0,102.9425,False
1719247116.710896,0.0276,-0.0072,0.0021,0.0,103.13,False,-0.2965,-0.0093,-0.005,-0.0,102.7081,False
1719247116.7419114,0.0276,-0.0038,0.0034,0.0,103.6675,False,-0.2964,-0.0013,0.0055,0.0,102.7081,False
1719247116.771807,0.0277,-0.0042,0.0034,-0.0,104.3662,False,-0.2965,-0.0156,-0.0023,-0.0,102.4269,False
1719247116.8047235,0.0277,-0.0011,-0.0073,-0.0,104.5812,True,-0.2965,-0.001,-0.0023,-0.0,102.5675,False
1719247116.8337936,0.0389,0.7586,0.0054,0.0,104.2588,True,-0.3074,-0.7227,0.0095,0.0,102.5675,False
1719247116.8643193,0.0644,1.2922,0.0085,0.0,103.6137,True,-0.3327,-1.2784,-0.0123,-0.0,102.4269,False
1719247116.8928895,0.1022,1.7329,-0.1393,0.0,102.9894,False,-0.3684,-1.6718,0.1378,0.0,102.755,False
1719247116.9239652,0.1321,0.2851,-0.0834,0.0,102.755,False,-0.3871,0.1715,0.0179,0.0,102.8487,False
1719247116.955492,0.1256,-0.2361,-0.0254,0.0,102.4737,False,-0.3689,0.5315,0.053,0.0,102.6612,False
1719247116.986278,0.1232,-0.058,-0.0155,0.0,102.3331,False,-0.3585,0.0796,-0.0,0.0,102.6144,False
1719247117.0169923,0.1232,0.0111,-0.0117,-0.0,102.3331,False,-0.3601,0.049,0.02,0.0,102.5675,False
1719247117.0473855,0.1225,0.0122,0.0128,0.0,102.2394,False,-0.3604,0.0084,0.0252,0.0,102.5206,False
1719247117.0792444,0.1226,0.0189,0.0016,0.0,102.2862,False,-0.36,0.0841,-0.0151,0.0,102.5675,False
1719247117.1092956,0.1228,0.0484,0.0096,0.0,102.2862,False,-0.3538,0.3448,-0.0132,0.0,102.5675,False
1719247117.1386244,0.1227,-0.0099,0.0002,0.0,102.3331,False,-0.3348,0.6843,-0.0316,0.0,102.8019,False
1719247117.1699514,0.1227,-0.0107,0.0081,0.0,102.6144,False,-0.3177,0.505,-0.0181,0.0,102.6144,False
1719247117.199473,0.1228,-0.0016,0.0081,0.0,103.1837,False,-0.3045,0.3709,-0.0046,-0.0,102.8487,False
1719247117.230179,0.1228,0.0091,0.0048,0.0,104.205,False,-0.3011,-0.089,-0.0006,0.0,102.8487,False
1719247117.2629259,0.1228,0.0072,-0.0018,-0.0,105.065,True,-0.3006,0.0008,-0.0,0.0,102.755,False
1719247117.2928011,0.1342,0.7545,-0.0084,0.0,105.2262,True,-0.3138,-0.8118,-0.0018,0.0,102.8487,False
1719247117.3240075,0.1592,1.2694,-0.0079,-0.0,104.7962,True,-0.341,-1.3628,-0.004,-0.0,102.755,False
1719247117.3544624,0.1992,1.7844,0.0048,0.0,103.7212,True,-0.3835,-1.8225,-0.0008,-0.0,103.0362,False
1719247117.3834357,0.2499,2.2015,-0.229,0.0,103.1837,False,-0.4355,-2.2921,0.2015,0.0,103.345,False
1719247117.4136093,0.2713,-0.4321,-0.0392,-0.0,102.8019,False,-0.4567,0.7693,0.043,0.0,103.0362,False
1719247117.442605,0.245,-0.9277,-0.0304,-0.0,102.6612,False,-0.4192,1.2208,0.0141,0.0,102.5206,False
1719247117.4737263,0.218,-0.8362,-0.0272,0.0,102.5206,False,-0.3931,0.6094,0.0129,0.0,102.3331,False
1719247117.5037017,0.2062,-0.2083,-0.0047,-0.0,102.4269,False,-0.389,-0.0834,0.0173,0.0,102.2394,False
1719247117.534264,0.2066,-0.0086,-0.0244,0.0,102.38,False,-0.3887,-0.0063,0.0174,0.0,102.2394,False
1719247117.5663145,0.2066,-0.0015,-0.0163,0.0,102.3331,False,-0.3887,-0.0006,0.0174,0.0,102.0519,False
1719247117.5968232,0.206,0.0031,0.0306,0.0,102.4269,False,-0.3886,0.005,0.0129,0.0,102.6144,False
1719247117.6263685,0.206,0.0018,0.0259,0.0,102.4269,False,-0.383,0.3839,-0.0249,0.0,102.6612,False
1719247117.6579502,0.2059,-0.0128,0.0259,0.0,102.755,False,-0.3714,0.4079,-0.0357,-0.0,102.8019,False
1719247117.6884193,0.2062,0.0285,0.0047,-0.0,103.4525,False,-0.3588,0.5091,-0.028,0.0,103.0362,False
1719247117.71957,0.2061,0.0138,-0.0069,-0.0,104.5275,False,-0.3443,0.5343,-0.0151,-0.0,102.9894,False
1719247117.750738,0.2061,0.0253,-0.0105,-0.0,105.6025,True,-0.3371,-0.2192,0.0311,0.0,102.9894,False
1719247117.7811658,0.2179,0.833,-0.0054,-0.0,106.0863,True,-0.3456,-0.7228,0.0165,0.0,103.0362,False
1719247117.8127453,0.2441,1.336,0.0126,0.0,105.6025,True,-0.369,-1.1167,0.0141,0.0,102.9894,False
1719247117.8447626,0.2853,1.7803,0.0057,0.0,104.4737,True,-0.4092,-1.7042,0.01,0.0,103.13,False
1719247117.874213,0.3378,2.2071,-0.0004,0.0,103.4525,True,-0.4604,-2.1533,0.0086,0.0,103.2912,False
1719247117.9033332,0.4017,2.6808,-0.2759,0.0,102.9425,False,-0.5224,-2.6118,0.2526,0.0,103.56,False
1719247117.9335618,0.4217,-0.678,-0.0343,0.0,102.7081,False,-0.5423,0.7701,0.037,0.0,103.1837,False
1719247117.9790518,0.3616,-1.4021,-0.0263,0.0,102.4737,False,-0.4684,1.5524,0.0171,0.0,102.1456,False
1719247118.008267,0.3232,-1.167,-0.0165,0.0,102.4737,False,-0.4348,0.8521,0.0086,0.0,101.9112,False
1719247118.038048,0.2998,-0.4998,-0.0085,0.0,102.4269,False,-0.4318,-0.2525,0.0072,0.0,101.7706,False
1719247118.0689979,0.2977,-0.0199,-0.0286,-0.0,102.4737,False,-0.433,0.0023,0.0301,0.0,101.9112,False
1719247118.0995564,0.2976,-0.0005,-0.0166,-0.0,102.4269,False,-0.4329,-0.032,0.0201,0.0,102.0519,False
1719247118.1304262,0.2976,0.0124,-0.0223,0.0,102.4269,False,-0.4327,0.0022,0.0174,0.0,102.5675,False
1719247118.1589453,0.2944,-0.2004,0.0155,0.0,102.4269,False,-0.4313,0.0769,-0.0119,0.0,102.8019,False
1719247118.1893306,0.2765,-0.774,0.007,0.0,102.6144,False,-0.4267,0.3044,-0.0266,0.0,102.8956,False
1719247118.219657,0.2501,-0.9393,0.0165,0.0,102.9894,False,-0.4112,0.5602,-0.0165,-0.0,102.8956,False
1719247118.2487319,0.2214,-0.9629,0.0137,0.0,103.9362,False,-0.3917,0.7026,-0.053,0.0,102.9894,False
1719247118.279406,0.1945,-0.7506,0.0082,0.0,105.0112,False,-0.3702,0.6708,-0.0207,-0.0,102.9425,False
1719247118.311417,0.1814,-0.114,-0.0304,-0.0,106.2475,True,-0.3483,0.6459,0.0438,0.0,102.8019,False
1719247118.3422232,0.1817,0.3718,0.0473,0.0,106.8925,True,-0.3423,-0.088,-0.0397,-0.0,103.0362,False
1719247118.3726294,0.1939,0.8305,0.0225,0.0,107.0537,True,-0.3501,-0.6106,0.023,0.0,103.1837,False
1719247118.4028199,0.2206,1.2827,-0.0004,-0.0,106.5163,True,-0.3736,-1.1623,-0.0057,0.0,103.2912,False
1719247118.4341073,0.2607,1.7501,-0.0012,-0.0,105.3875,True,-0.4101,-1.6455,0.0015,0.0,103.2912,False
1719247118.464161,0.3152,2.2355,-0.0087,-0.0,104.1512,True,-0.461,-2.1226,0.0051,0.0,103.4525,False
1719247118.4954543,0.3847,2.7208,-0.0062,-0.0,103.13,True,-0.5263,-2.6004,-0.0012,-0.0,103.8288,False
1719247118.5252252,0.4654,3.2299,-0.2928,0.0,102.7081,False,-0.5999,-3.0273,0.3007,0.0,104.0975,False
1719247118.555207,0.4905,-0.7861,-0.0279,0.0,102.2862,False,-0.6124,1.3003,0.0707,0.0,103.56,True
1719247118.5854554,0.4474,-1.5787,-0.0218,-0.0,102.1925,False,-0.5517,2.0352,0.0172,0.0,102.5206,False
1719247118.616494,0.3981,-1.5313,-0.008,-0.0,102.1456,False,-0.4991,1.4084,0.0036,0.0,101.8644,False
1719247118.6470027,0.3579,-1.1198,-0.0049,-0.0,102.005,False,-0.4726,0.4296,0.0072,0.0,101.9112,False
1719247118.6779761,0.337,-0.3569,-0.0213,-0.0,102.0519,False,-0.4721,0.0486,0.0176,0.0,101.8644,False
1719247118.7077227,0.3362,-0.0135,-0.0191,-0.0,102.0987,False,-0.4723,0.0156,0.0326,0.0,101.63,False
1719247118.738517,0.3365,-0.0131,-0.022,-0.0,101.9581,False,-0.4724,-0.0167,0.0174,0.0,101.8644,False
1719247118.7682996,0.3364,-0.0211,-0.0177,0.0,102.0987,False,-0.4723,0.0081,0.0225,0.0,101.8644,False
1719247118.7990692,0.3356,-0.0445,0.0304,0.0,102.0519,False,-0.4717,0.1011,-0.0178,-0.0,101.7237,False
1719247118.8309226,0.3358,0.0024,0.0208,0.0,102.1456,False,-0.4633,0.4021,-0.022,0.0,102.0519,False
1719247118.8615372,0.335,-0.0713,0.0153,0.0,102.0519,False,-0.4497,0.3736,-0.0164,-0.0,102.9894,False
1719247118.8914812,0.3149,-0.9771,0.0085,0.0,102.0519,False,-0.4324,0.6679,-0.0076,0.0,103.0831,False
1719247118.9219596,0.2789,-1.2885,0.0049,0.0,102.0987,False,-0.4153,0.5404,-0.0188,0.0,103.13,False
1719247118.9518852,0.2364,-1.3965,0.0048,0.0,102.005,False,-0.3981,0.6013,-0.017,-0.0,103.2912,False
1719247118.982566,0.1994,-1.0364,0.0164,0.0,102.0519,False,-0.3824,0.2894,-0.0034,-0.0,103.2912,False
1719247119.0133936,0.1724,-0.7535,0.0126,0.0,102.0987,False,-0.3811,0.0142,-0.0006,0.0,103.345,False
1719247119.0438654,0.1582,-0.2807,0.0138,0.0,102.1456,False,-0.381,-0.0121,-0.0098,0.0,103.6137,False
1719247119.074682,0.159,0.0274,-0.0062,-0.0,102.1456,False,-0.3809,0.0171,-0.005,0.0,103.775,False
1719247119.1056564,0.1589,0.0043,-0.0013,-0.0,102.0987,False,-0.3809,-0.0074,0.0005,0.0,103.7212,False
1719247119.1363316,0.1588,0.0032,-0.0021,0.0,102.0987,False,-0.3809,-0.0047,0.0032,0.0,103.1837,False
1719247119.1663454,0.1589,0.0283,0.0014,0.0,102.1456,False,-0.3809,-0.0008,0.0046,0.0,102.8487,False
1719247119.1969674,0.1589,0.0038,0.0061,0.0,102.0519,False,-0.3809,0.0229,-0.0046,0.0,102.9894,False
1719247119.2271106,0.1589,0.0075,-0.0082,0.0,102.0519,False,-0.3809,-0.0008,-0.0056,0.0,102.8956,False
1719247119.2578135,0.1589,0.0185,0.0048,0.0,102.0987,False,-0.3809,-0.0002,0.0046,0.0,102.7081,False
1719247119.2894468,0.1588,-0.0079,-0.0061,-0.0,102.0987,False,-0.3809,0.0117,-0.0087,-0.0,102.5206,False
1719247119.3353734,0.1589,0.0027,-0.0014,-0.0,102.0987,False,-0.3809,0.0145,-0.0041,-0.0,102.6612,False
1719247119.3671365,0.1589,0.0068,0.0,0.0,102.0987,False,-0.381,0.0014,-0.0036,-0.0,102.5206,False
1719247119.3966143,0.1588,-0.0075,-0.006,0.0,102.0987,False,-0.381,-0.0049,0.0138,0.0,102.5206,False
1719247119.4272766,0.1588,-0.0137,-0.0061,-0.0,102.1456,False,-0.381,-0.0106,0.0051,0.0,102.7081,False
1719247119.4582696,0.1588,-0.0054,-0.0061,-0.0,102.1456,False,-0.381,-0.0107,0.0036,0.0,102.7081,False
1719247119.4882925,0.1589,0.0026,-0.0034,0.0,102.1456,False,-0.381,-0.0194,0.0046,0.0,102.8019,False
1719247119.5183299,0.1589,0.006,0.0007,0.0,102.0519,False,-0.381,-0.0063,0.0046,0.0,102.6612,False
1719247119.5484273,0.1589,-0.0016,0.0055,0.0,102.1456,False,-0.381,-0.0006,0.0036,0.0,102.6612,False
1719247119.5799255,0.1588,-0.0077,-0.0013,-0.0,102.0987,False,-0.3809,0.0061,0.0005,0.0,102.7081,False
1719247119.6114757,0.1589,0.0055,0.0013,0.0,102.0987,False,-0.381,-0.0007,-0.0005,0.0,102.8956,False
1719247119.6420865,0.1589,0.0085,0.0027,0.0,102.0987,False,-0.381,-0.0111,0.0,0.0,102.8487,False
1719247119.672906,0.1588,-0.004,-0.0021,0.0,102.1456,False,-0.3809,0.0198,0.0046,0.0,102.9425,False
1719247119.7036324,0.1589,0.013,0.0034,0.0,102.1456,False,-0.381,-0.0022,0.0087,0.0,102.8487,False
1719247119.7359004,0.1588,-0.0058,-0.0047,-0.0,102.0519,False,-0.381,0.0006,0.0005,0.0,102.9894,False
1719247119.7658138,0.1589,0.0002,0.0027,0.0,102.1456,False,-0.381,-0.0124,-0.0046,0.0,102.755,False
1719247119.7966068,0.1588,0.0042,-0.0061,-0.0,102.0519,False,-0.3809,0.0135,0.0082,0.0,102.8956,False
1719247119.8273938,0.1588,-0.0135,0.0095,0.0,102.0519,False,-0.3809,0.0101,0.0009,0.0,102.6612,False
1719247119.8577492,0.1588,0.0017,0.0047,0.0,102.0987,False,-0.3809,0.0027,-0.0046,0.0,102.8019,False
1719247119.8888123,0.1589,0.0004,0.0082,0.0,102.0987,False,-0.381,-0.0135,-0.0092,0.0,102.4737,False
1719247119.9197836,0.1588,-0.0011,-0.0013,-0.0,102.1456,False,-0.3809,0.002,-0.0051,0.0,102.6144,False
1719247119.9510443,0.1589,0.0094,-0.0013,-0.0,102.0987,False,-0.381,-0.0024,0.0087,0.0,102.755,False
1719247119.9816468,0.1589,0.0018,0.0047,0.0,102.0987,False,-0.3809,0.0222,0.0046,0.0,102.6144,False
1719247120.011855,0.1588,-0.0,0.0116,0.0,102.1456,False,-0.3809,0.0053,-0.0128,-0.0,102.6612,False
1719247120.0426471,0.159,0.0357,-0.0014,-0.0,102.0519,False,-0.381,-0.007,-0.0041,-0.0,102.6144,False
1719247120.0726075,0.1588,-0.001,0.0021,0.0,102.0987,False,-0.3809,0.0041,-0.0041,-0.0,102.755,False
1719247120.1030629,0.1588,-0.0202,0.0047,0.0,102.1925,False,-0.381,-0.016,0.0046,0.0,102.8487,False
1719247120.1345098,0.1588,-0.0049,-0.0013,0.0,102.0987,False,-0.3809,-0.0049,-0.0005,0.0,102.755,False
1719247120.1655362,0.1589,0.0163,-0.0014,-0.0,102.1456,False,-0.381,-0.0117,-0.0082,-0.0,102.8019,False
1719247120.195563,0.1589,0.0067,0.0021,0.0,102.1456,False,-0.3809,0.0083,-0.0005,0.0,102.8956,False
1719247120.2261875,0.1588,-0.0047,0.0142,0.0,102.0987,False,-0.3809,0.0117,0.0036,0.0,102.8956,False
1719247120.2570047,0.1588,-0.0021,-0.0095,-0.0,102.0987,False,-0.381,-0.0107,-0.0046,0.0,102.8019,False
1719247120.2874527,0.1588,-0.0105,0.0013,0.0,102.1456,False,-0.3809,-0.0064,-0.0,-0.0,102.8487,False
1719247120.318506,0.1589,-0.0051,-0.0061,-0.0,102.1456,False,-0.381,-0.0088,-0.003,-0.0,102.755,False
1719247120.3491163,0.1588,0.001,-0.0034,0.0,102.1925,False,-0.3809,0.0035,0.0005,0.0,102.8487,False
1719247120.3796155,0.1588,-0.0009,0.0056,0.0,102.1925,False,-0.381,-0.0063,0.001,0.0,102.8019,False
1719247120.4097846,0.1589,0.0112,0.0034,0.0,102.1456,False,-0.381,-0.0201,0.0041,0.0,102.7081,False
1719247120.4405665,0.1589,0.0057,0.0013,0.0,102.1456,False,-0.3809,-0.0066,-0.0046,0.0,102.7081,False
1719247120.4712515,0.1589,0.0031,-0.0034,-0.0,102.0987,False,-0.381,-0.003,-0.0021,0.0,102.7081,False
1719247120.502264,0.1589,0.0191,-0.0054,0.0,102.0987,False,-0.3808,0.0319,-0.0004,0.0,102.6144,False
1719247120.5335155,0.1588,0.0039,-0.0047,-0.0,102.0987,False,-0.381,-0.0071,-0.0005,0.0,102.7081,False
1719247120.5643156,0.1589,0.0072,0.0108,0.0,102.1456,False,-0.3809,0.0076,0.0133,0.0,102.7081,False
1719247120.5951064,0.1589,0.0132,-0.0055,0.0,102.005,False,-0.3809,-0.0012,0.0046,0.0,102.7081,False
1719247120.6253238,0.1589,0.0144,0.0027,0.0,102.0987,False,-0.3809,0.0096,-0.0,0.0,102.755,False
1719247120.6555777,0.1589,0.0024,-0.0027,-0.0,102.0987,False,-0.3809,0.0044,-0.0077,-0.0,102.8487,False
1719247120.7013974,0.1589,0.0041,0.0034,0.0,102.1456,False,-0.3809,0.0047,0.0056,0.0,102.8956,False
1719247120.7318807,0.1589,-0.0036,0.0048,0.0,102.0519,False,-0.3809,0.0027,-0.0036,-0.0,102.8487,False
1719247120.7612247,0.1589,0.0026,-0.0014,-0.0,101.9581,False,-0.381,-0.0077,0.0036,0.0,102.8487,False
1719247120.7919745,0.1589,0.0002,-0.0095,-0.0,102.0987,False,-0.3809,0.0107,0.0041,0.0,102.8019,False
1719247120.8229797,0.1589,0.0262,-0.0034,0.0,102.0519,False,-0.3809,-0.0001,-0.0056,0.0,102.755,False
1719247120.8528888,0.1588,-0.0071,0.0047,0.0,102.1925,False,-0.3809,0.0234,-0.0041,-0.0,102.6144,False
1719247120.8840466,0.1588,-0.0222,0.0,0.0,102.0519,False,-0.381,-0.0132,0.0041,0.0,102.755,False
1719247120.914623,0.1589,0.0006,-0.0013,-0.0,102.1456,False,-0.381,-0.0184,-0.0035,-0.0,102.8019,False
1719247120.9449246,0.1589,0.0022,0.0013,0.0,102.0987,False,-0.381,-0.0086,-0.0046,0.0,102.8019,False
1719247120.9746206,0.1589,0.0126,0.0143,0.0,102.0987,False,-0.3809,-0.0074,-0.0041,0.0,102.755,False
1719247121.0057335,0.1589,0.0045,-0.0074,-0.0,102.0987,False,-0.3809,0.0076,-0.0005,0.0,102.9425,False
1719247121.0352826,0.1588,0.0044,-0.0021,-0.0,102.1456,False,-0.381,-0.0134,0.0046,0.0,102.8487,False
1719247121.0664291,0.1588,-0.0051,-0.0034,0.0,102.1925,False,-0.3809,0.0126,-0.0041,-0.0,102.8487,False
1719247121.096569,0.1588,-0.0145,-0.0009,0.0,102.1925,False,-0.381,-0.0093,-0.0,0.0,102.8019,False
1719247121.127114,0.1588,-0.0096,-0.0022,0.0,102.0987,False,-0.381,-0.0013,-0.0082,-0.0,102.8487,False
1719247121.157734,0.1588,-0.0098,-0.0061,-0.0,102.1456,False,-0.3809,-0.0046,-0.0046,0.0,102.8956,False
1719247121.1892622,0.1589,0.0093,0.0013,0.0,102.0519,False,-0.381,-0.0009,0.0087,0.0,102.7081,False
1719247121.2194932,0.1589,-0.0033,-0.0047,-0.0,102.1456,False,-0.381,-0.0018,0.003,0.0,102.8487,False
1719247121.250238,0.1588,-0.0216,0.0039,0.0,102.0987,False,-0.381,-0.0048,0.0046,0.0,102.8956,False
1719247121.282016,0.1589,0.0058,-0.0034,0.0,102.0519,False,-0.3809,-0.0041,0.001,0.0,102.8019,False
1719247121.3119578,0.1589,0.0034,-0.0082,0.0,102.0987,False,-0.381,-0.0006,-0.0036,-0.0,103.0362,False
1719247121.342285,0.1589,0.0063,-0.0034,0.0,102.0519,False,-0.3809,0.0189,0.0133,0.0,102.9894,False
1719247121.3737607,0.1588,-0.0078,-0.0021,0.0,102.0519,False,-0.381,-0.007,-0.0046,0.0,102.9894,False
1719247121.404107,0.1589,0.0019,0.0055,0.0,102.0519,False,-0.3809,0.0148,-0.0027,-0.0,102.7081,False
1719247121.4355974,0.1589,0.0052,0.0055,0.0,102.0519,False,-0.3809,0.0207,0.0046,0.0,102.8956,False
1719247121.4665606,0.1589,0.0031,-0.0108,-0.0,102.1925,False,-0.381,-0.007,0.0046,0.0,102.8487,False
1719247121.4963682,0.1589,0.0067,0.0013,0.0,102.0987,False,-0.3809,-0.0036,-0.0097,0.0,102.7081,False
1719247121.5271533,0.1588,-0.0014,-0.0013,-0.0,102.1456,False,-0.3809,0.0115,-0.0036,-0.0,102.7081,False
1719247121.5580301,0.1588,-0.0033,-0.0116,0.0,102.0519,False,-0.3809,-0.0031,-0.0,0.0,102.8487,False
1719247121.588406,0.1589,0.0087,0.0196,0.0,102.005,False,-0.381,0.0027,0.0046,0.0,102.7081,False
1719247121.6188402,0.1589,0.0025,0.0047,0.0,102.0519,False,-0.3809,0.0042,-0.0077,-0.0,102.8956,False
1719247121.6490679,0.1588,-0.0027,-0.0129,0.0,102.1456,False,-0.3809,0.0102,0.0005,0.0,102.9894,False
1719247121.679591,0.1589,0.0065,0.0021,0.0,102.0519,False,-0.3809,0.0048,-0.0046,0.0,102.8487,False
1719247121.7101235,0.1588,-0.0171,-0.0108,-0.0,102.1456,False,-0.381,-0.0063,0.0056,0.0,102.9425,False
1719247121.7401874,0.1589,0.0071,0.0,0.0,102.0519,False,-0.3809,-0.004,0.0102,0.0,102.8956,False
1719247121.7705255,0.1589,0.0058,-0.0048,-0.0,102.0519,False,-0.381,-0.0146,-0.0046,0.0,102.755,False
1719247121.8011558,0.1589,0.0046,0.0048,0.0,102.1456,False,-0.3809,0.0141,-0.0041,-0.0,102.8019,False
1719247121.8322058,0.1589,0.0094,0.0082,0.0,102.0519,False,-0.3809,0.0059,-0.0041,-0.0,102.7081,False
1719247121.8622541,0.1589,0.0017,0.0048,0.0,102.1456,False,-0.3809,-0.0047,0.0092,0.0,102.8019,False
1719247121.8916507,0.1589,-0.0001,0.0108,0.0,102.0987,False,-0.381,-0.011,0.0011,0.0,102.8019,False
1719247121.9222596,0.1588,-0.0094,-0.0026,-0.0,102.0519,False,-0.381,-0.0115,-0.0076,-0.0,102.755,False
1719247121.9524503,0.1589,0.0056,0.0013,0.0,102.0987,False,-0.381,-0.0182,0.0081,-0.0,102.8487,False
1719247121.983244,0.1589,0.0046,0.0074,0.0,102.1456,False,-0.3809,0.0042,0.0005,0.0,102.8487,False
1719247122.0134943,0.1588,-0.0028,0.0021,0.0,102.0987,False,-0.381,-0.0002,0.0005,0.0,102.8487,False
1719247122.0583558,0.1588,-0.0012,-0.0034,-0.0,102.0987,False,-0.3809,0.012,-0.0009,0.0,102.755,False
1719247122.0887954,0.1589,0.0052,-0.0021,-0.0,102.1456,False,-0.3809,0.0017,0.0082,0.0,102.7081,False
1719247122.118839,0.1588,-0.0098,-0.0095,-0.0,102.1456,False,-0.3809,0.0073,-0.0005,0.0,102.8487,False
1719247122.1501038,0.1589,0.002,0.0,0.0,102.0987,False,-0.3809,0.0056,-0.0041,-0.0,102.8487,False
1719247122.1793063,0.1589,0.008,-0.0007,0.0,102.0987,False,-0.381,-0.0027,0.0087,0.0,102.7081,False
1719247122.2101827,0.1588,-0.0045,-0.0074,0.0,102.1456,False,-0.3809,0.0045,0.001,0.0,102.755,False
1719247122.240006,0.1588,-0.0069,-0.0047,-0.0,102.0519,False,-0.381,-0.002,-0.0036,-0.0,102.8487,False
1719247122.2709193,0.1588,-0.0187,-0.0026,-0.0,102.0519,False,-0.3809,0.0006,0.0046,0.0,102.755,False
1719247122.3016965,0.1588,0.007,-0.0026,-0.0,102.0987,False,-0.3809,0.0094,0.0087,0.0,102.9894,False
1719247122.332283,0.1588,-0.0084,0.0034,0.0,102.0987,False,-0.381,-0.0041,0.0051,0.0,102.9425,False
1719247122.3633869,0.1589,0.0174,0.0007,0.0,102.005,False,-0.3809,-0.003,0.0046,0.0,102.9425,False
1719247122.3933609,0.1589,-0.0002,-0.0047,-0.0,102.0987,False,-0.3809,0.0035,0.0041,0.0,102.8019,False
1719247122.4252398,0.1588,-0.0023,-0.0034,0.0,102.1456,False,-0.381,-0.0167,-0.0005,0.0,102.755,False
1719247122.4553056,0.1588,-0.0046,0.0013,0.0,102.0987,False,-0.381,-0.016,-0.0016,0.0,102.8019,False
1719247122.4865172,0.1588,-0.0024,0.0013,0.0,102.0987,False,-0.381,-0.0161,0.0005,0.0,102.7081,False
1719247122.5170135,0.1589,0.0083,-0.0034,-0.0,102.0987,False,-0.3809,-0.0028,0.0087,0.0,102.755,False
1719247122.548206,0.1589,0.0062,-0.0048,-0.0,102.1456,False,-0.381,-0.0028,-0.0046,0.0,102.6612,False
1719247122.578732,0.1589,0.0101,0.0034,0.0,102.005,False,-0.381,-0.0199,0.0041,0.0,102.8019,False
1719247122.609259,0.1589,0.0061,-0.0129,0.0,102.0987,False,-0.3809,0.0222,-0.0004,0.0,102.8487,False
1719247122.6401217,0.1589,0.0079,0.0048,0.0,102.0519,False,-0.3809,0.0008,0.0005,0.0,102.8487,False
1719247122.6696703,0.1589,0.0115,-0.0027,-0.0,102.0519,False,-0.381,-0.009,0.0128,0.0,102.9425,False
1719247122.7010605,0.1588,-0.007,-0.0047,-0.0,102.1925,False,-0.381,-0.0054,0.0051,-0.0,102.9425,False
1719247122.7314715,0.1589,0.0024,0.0034,0.0,102.1456,False,-0.3809,0.0032,-0.0046,0.0,102.8487,False
1719247122.7623637,0.1588,-0.0063,-0.0034,0.0,102.1456,False,-0.3809,0.0098,0.0178,0.0,102.8956,False
1719247122.7946355,0.1588,-0.0106,-0.0034,-0.0,102.0987,False,-0.381,0.003,-0.0005,0.0,102.6612,False
1719247122.8238244,0.1589,0.0075,-0.0116,0.0,102.1925,False,-0.3809,0.0077,-0.0046,0.0,102.7081,False
1719247122.855856,0.1588,-0.0019,0.019,0.0,102.0519,False,-0.3809,0.008,0.0005,0.0,102.6612,False
1719247122.8858747,0.1588,-0.0139,-0.006,-0.0,102.0519,False,-0.3809,0.0183,-0.0009,0.0,102.8956,False
1719247122.9167974,0.1589,0.0138,-0.0095,-0.0,102.005,False,-0.3809,0.0094,-0.0046,0.0,102.8019,False
1719247122.9467585,0.1588,-0.0077,-0.0095,-0.0,102.0987,False,-0.3809,0.008,-0.0051,0.0,102.8019,False
1719247122.977556,0.1589,0.0064,0.0007,0.0,102.1456,False,-0.381,-0.0046,-0.0051,0.0,102.755,False
1719247123.0096557,0.1588,-0.0022,-0.0013,-0.0,102.0987,False,-0.3809,0.0083,-0.0046,0.0,102.8019,False
1719247123.0387175,0.1589,0.0122,0.0095,0.0,102.0519,False,-0.381,-0.0101,-0.0036,-0.0,102.7081,False
1719247123.0687516,0.1589,0.0108,-0.0048,0.0,102.1456,False,-0.3809,-0.0022,-0.0067,-0.0,102.8956,False
1719247123.0997517,0.1588,-0.0083,0.0013,0.0,102.0987,False,-0.3809,0.0096,0.0036,0.0,102.8956,False
1719247123.129906,0.1588,-0.0082,0.0047,0.0,102.005,False,-0.3809,0.0156,-0.0041,-0.0,102.7081,False
1719247123.1605864,0.1589,0.0058,0.0129,0.0,102.0519,False,-0.381,-0.0107,0.0005,0.0,102.8487,False
1719247123.1916056,0.1588,-0.0004,-0.0061,-0.0,102.005,False,-0.3809,0.0022,-0.0046,0.0,102.8487,False
1719247123.2223587,0.1588,-0.0007,0.0082,0.0,102.1456,False,-0.3809,0.0053,0.0041,0.0,102.9894,False
1719247123.2534966,0.1588,-0.006,-0.006,-0.0,102.1456,False,-0.3809,0.0022,0.0128,0.0,102.9425,False
1719247123.2844121,0.1589,0.0131,-0.0034,0.0,102.0987,False,-0.381,-0.0107,0.0051,0.0,102.9425,False
1719247123.3160477,0.1589,0.0024,0.0,0.0,102.005,False,-0.3809,0.0132,0.0036,0.0,102.7081,False
1719247123.3462226,0.1588,0.0016,-0.0021,0.0,102.0987,False,-0.381,-0.0044,0.0036,-0.0,102.8487,False
1719247123.3775702,0.1588,0.0025,-0.0034,0.0,102.0987,False,-0.3809,0.0146,0.0041,0.0,102.8019,False
1719247123.4225898,0.1589,0.0041,-0.0034,0.0,102.0987,False,-0.3809,0.014,-0.0046,0.0,102.755,False
1719247123.4531481,0.1588,-0.0027,-0.0095,-0.0,102.1456,False,-0.3809,-0.0017,0.0041,0.0,102.6144,False
1719247123.4839573,0.1589,0.0123,-0.0007,0.0,102.0987,False,-0.3809,0.0228,0.0046,0.0,102.6612,False
1719247123.515099,0.1588,-0.0162,0.0034,0.0,102.0519,False,-0.3809,-0.001,0.0046,0.0,102.8956,False
1719247123.5456655,0.1588,0.0017,0.0013,0.0,102.0519,False,-0.381,-0.0072,0.0041,0.0,102.8956,False
1719247123.5754888,0.1588,0.0005,-0.0095,-0.0,102.1456,False,-0.381,-0.0017,-0.0108,0.0,102.8956,False
1719247123.6071265,0.1588,-0.0015,-0.0013,-0.0,102.0519,False,-0.381,-0.0051,-0.0005,0.0,102.8956,False
1719247123.6373785,0.1588,0.0005,0.0047,0.0,102.0519,False,-0.3809,0.0048,0.0046,0.0,102.9894,False
1719247123.6680229,0.1588,-0.0032,-0.0198,0.0,102.0519,False,-0.3809,-0.0041,-0.0036,-0.0,102.7081,False
1719247123.698826,0.1588,-0.0066,-0.0034,0.0,102.0519,False,-0.3809,0.0162,0.0,0.0,102.7081,False
1719247123.729032,0.1589,0.0185,-0.0034,0.0,102.1456,False,-0.381,-0.003,-0.0051,0.0,102.755,False
1719247123.759902,0.1588,-0.0052,-0.0082,0.0,102.0987,False,-0.3808,0.0253,-0.0046,0.0,102.8019,False
1719247123.7894042,0.1588,-0.008,0.0,0.0,102.0519,False,-0.3809,0.0122,-0.0106,0.0,102.8019,False
1719247123.8211377,0.1588,-0.0001,0.0013,0.0,102.0987,False,-0.3809,0.009,0.0092,0.0,102.7081,False
1719247123.8513427,0.1589,0.0107,0.0034,0.0,102.005,False,-0.381,-0.0131,-0.0076,-0.0,102.6612,False
1719247123.8818378,0.1589,0.0001,-0.0116,0.0,102.0519,False,-0.3809,-0.0001,-0.001,0.0,102.8019,False
1719247123.9130144,0.1588,0.0035,-0.0021,0.0,102.0519,False,-0.3809,-0.0011,-0.0133,0.0,102.8487,False
1719247123.9428833,0.1588,0.0002,-0.0116,0.0,102.1456,False,-0.3809,0.0002,-0.0,-0.0,102.8956,False
1719247123.9728796,0.1588,0.0047,-0.0061,-0.0,102.1456,False,-0.3809,0.0171,0.0188,0.0,102.8956,False
1719247124.0034063,0.1588,-0.0031,-0.0013,-0.0,102.0519,False,-0.3809,-0.0086,-0.0036,-0.0,102.755,False
1719247124.0336177,0.1588,-0.0056,-0.0013,-0.0,102.0519,False,-0.3809,0.011,0.0014,0.0,102.6612,False
1719247124.0655055,0.1589,0.0167,0.0068,0.0,102.0519,False,-0.3809,0.0076,0.0092,0.0,103.2912,False
1719247124.095862,0.1588,-0.0,-0.0103,0.0,102.0987,False,-0.3809,0.0028,-0.0051,0.0,102.6612,False
1719247124.1282148,0.1589,-0.0,0.0095,0.0,102.0987,False,-0.381,-0.0076,0.0092,0.0,102.8019,False
1719247124.1568112,0.1588,-0.0037,0.0008,0.0,102.0987,False,-0.381,-0.0166,0.0046,0.0,102.8487,False
1719247124.1882694,0.1588,-0.009,-0.006,-0.0,102.0519,False,-0.3809,0.0038,0.0036,0.0,102.8956,False
1719247124.2187138,0.1588,-0.0127,-0.0082,0.0,102.0519,False,-0.381,-0.0165,0.0,0.0,102.8019,False
1719247124.2483144,0.1589,0.0141,0.0048,0.0,102.1456,False,-0.3809,0.0095,-0.0,0.0,102.9425,False
1719247124.2783186,0.1589,0.0061,-0.0048,-0.0,102.0519,False,-0.3809,0.0153,0.0087,0.0,102.7081,False
1719247124.3090885,0.1589,0.0037,0.019,0.0,102.0987,False,-0.3809,0.0155,0.0,0.0,102.8019,False
1719247124.340319,0.1588,-0.0002,0.0,0.0,102.1456,False,-0.3809,-0.0029,0.0,0.0,102.6612,False
1719247124.371111,0.1588,0.0051,-0.0082,0.0,102.0987,False,-0.3809,0.0047,-0.0005,0.0,102.8487,False
1719247124.4022918,0.1588,0.0018,0.004,0.0,102.0519,False,-0.3809,-0.001,0.0,0.0,102.8487,False
1719247124.4321034,0.1589,0.0186,-0.0041,-0.0,102.0519,False,-0.381,-0.0128,-0.0092,0.0,102.8956,False
1719247124.4634454,0.1589,0.0067,0.0048,0.0,102.0987,False,-0.381,-0.0099,-0.001,0.0,102.755,False
1719247124.493956,0.1588,-0.0003,-0.0034,0.0,102.1456,False,-0.3809,0.0123,0.0009,0.0,102.7081,False
1719247124.5246093,0.1589,0.0092,0.0,0.0,102.0519,False,-0.3809,0.003,-0.0041,-0.0,102.6612,False
1719247124.5558574,0.1589,0.0088,-0.0013,-0.0,102.0987,False,-0.3809,0.0206,-0.0046,0.0,102.8487,False
1719247124.586544,0.1589,0.011,-0.0048,-0.0,102.0519,False,-0.3809,0.0032,-0.0133,0.0,102.7081,False
1719247124.6176481,0.1588,0.0029,0.0074,0.0,102.0519,False,-0.381,-0.0048,0.001,0.0,102.8487,False
1719247124.6485713,0.1588,0.0074,0.0108,0.0,102.0987,False,-0.3808,0.0212,0.0013,0.0,102.755,False
1719247124.678956,0.1589,0.0101,0.0021,0.0,102.0519,False,-0.381,-0.0099,-0.0005,-0.0,102.7081,False
1719247124.7098198,0.1588,-0.015,-0.0013,0.0,102.0519,False,-0.3809,-0.0031,-0.0005,0.0,102.8019,False
1719247124.7413783,0.1588,-0.01,0.0047,0.0,102.0987,False,-0.3809,-0.0003,0.0005,0.0,102.8956,False
1719247124.7877214,0.1588,-0.0124,-0.0142,-0.0,102.0987,False,-0.381,-0.0052,0.0036,0.0,102.8019,False
1719247124.818648,0.1589,0.0063,0.0013,0.0,102.0519,False,-0.381,-0.0222,0.0046,0.0,102.8487,False
1719247124.848329,0.1588,0.0,-0.0,0.0,102.1456,False,-0.3809,0.0049,0.0005,0.0,102.6612,False
1719247124.8791258,0.1588,-0.0264,0.0013,0.0,102.005,False,-0.381,-0.0072,-0.0128,-0.0,102.8487,False
1719247124.9095678,0.1588,0.0059,0.0047,0.0,102.0987,False,-0.3809,-0.0005,-0.0,0.0,102.7081,False
1719247124.9409704,0.1589,0.0172,0.0082,0.0,102.0519,False,-0.381,-0.0094,-0.0081,-0.0,102.6612,False
1719247124.9710033,0.1589,-0.0009,0.0021,0.0,102.0987,False,-0.3809,0.012,-0.0005,0.0,102.755,False
1719247125.0023844,0.1588,-0.0012,-0.0034,0.0,102.0987,False,-0.381,-0.0057,-0.0076,-0.0,102.8956,False
1719247125.0328972,0.1588,-0.0095,-0.0047,-0.0,102.1456,False,-0.381,0.0032,0.0036,0.0,102.7081,False
1719247125.0627377,0.1589,0.0041,0.0082,0.0,102.0987,False,-0.3809,0.0084,-0.0036,-0.0,102.7081,False
1719247125.094825,0.1589,0.0161,0.0048,0.0,102.0987,False,-0.381,-0.0048,0.0005,0.0,102.8019,False
1719247125.1244562,0.1589,0.0122,0.0034,0.0,102.0519,False,-0.381,-0.0009,0.0005,0.0,102.755,False
1719247125.1548438,0.1588,-0.0136,-0.0082,0.0,102.0519,False,-0.3809,0.0107,-0.0041,-0.0,102.755,False
1719247125.185456,0.1588,-0.001,0.0047,0.0,102.0987,False,-0.3809,-0.0055,-0.0005,0.0,102.8956,False
1719247125.2158685,0.1588,0.0026,0.0034,0.0,102.005,False,-0.3809,0.0047,0.0036,0.0,102.8019,False
1719247125.2466547,0.1588,0.0011,0.0047,0.0,102.0987,False,-0.381,-0.0118,0.0,0.0,102.8956,False
1719247125.2773423,0.1588,-0.0001,0.0082,0.0,102.0987,False,-0.3809,0.003,0.0046,0.0,102.8019,False
1719247125.3078344,0.1589,0.0117,0.0,0.0,102.0519,False,-0.3809,0.0049,-0.0005,0.0,102.755,False
1719247125.3384008,0.1588,-0.0049,-0.0056,0.0,102.0519,False,-0.381,-0.0034,-0.0092,0.0,102.9425,False
1719247125.368506,0.1589,0.0137,-0.0048,-0.0,101.9581,False,-0.381,-0.0039,-0.0005,-0.0,102.8019,False
1719247125.399526,0.1588,-0.0034,0.0,0.0,102.0519,False,-0.381,-0.0122,-0.0064,-0.0,102.755,False
1719247125.4306858,0.1588,0.0044,0.0047,0.0,102.1456,False,-0.3809,0.008,0.0,0.0,102.8487,False
1719247125.462153,0.1589,0.0053,-0.0103,0.0,102.0987,False,-0.381,-0.0199,-0.0035,-0.0,102.8487,False
1719247125.493718,0.1588,-0.001,-0.0,-0.0,102.0519,False,-0.381,-0.0087,0.0,0.0,102.8019,False
1719247125.5226047,0.1588,-0.0119,0.0034,0.0,102.1456,False,-0.3809,0.0129,-0.0046,0.0,102.7081,False
1719247125.5531886,0.1588,-0.0031,0.0034,0.0,102.0519,False,-0.381,-0.0136,0.0046,0.0,102.8019,False
1719247125.583971,0.1589,0.0037,-0.0,0.0,102.0987,False,-0.3809,-0.0014,0.0046,0.0,102.8019,False
1719247125.6143184,0.1589,0.0008,0.0021,0.0,102.0519,False,-0.381,-0.0046,-0.0041,-0.0,102.8956,False
1719247125.643928,0.1589,0.0137,-0.0082,0.0,102.005,False,-0.3809,0.0044,0.0005,0.0,102.755,False
1719247125.674901,0.1588,-0.0089,0.0,0.0,102.0987,False,-0.3809,-0.0002,-0.0087,-0.0,102.6612,False
1719247125.7055073,0.1588,-0.0087,-0.009,0.0,102.0987,False,-0.381,-0.0047,-0.0041,-0.0,102.8019,False
1719247125.7363503,0.1588,-0.0069,0.0069,0.0,102.0519,False,-0.3809,0.0062,0.001,0.0,102.8019,False
1719247125.766923,0.1589,0.011,0.0006,0.0,102.005,False,-0.3809,0.0127,-0.0077,-0.0,102.7081,False
1719247125.796961,0.1589,0.002,0.0061,0.0,102.0987,False,-0.3809,0.001,-0.0169,-0.0,102.8019,False
1719247125.8271565,0.1589,0.0171,0.0,0.0,102.005,False,-0.381,-0.0071,-0.0046,0.0,102.8487,False
1719247125.8572674,0.1589,-0.0029,-0.0116,0.0,101.9581,False,-0.381,-0.0145,-0.0035,-0.0,102.7081,False
1719247125.88709,0.1588,0.0003,-0.0034,0.0,102.0519,False,-0.381,0.009,-0.001,0.0,102.6612,False
1719247125.9170234,0.1588,-0.001,-0.0034,0.0,102.0519,False,-0.381,-0.0079,0.0046,0.0,102.7081,False
1719247125.9475343,0.1588,-0.0054,-0.0,-0.0,102.1456,False,-0.381,0.0119,0.0082,0.0,102.8019,False
1719247125.97845,0.1588,-0.0152,0.0039,0.0,102.1456,False,-0.3811,-0.0217,-0.0046,0.0,102.755,False
1719247126.0091195,0.1588,-0.0012,0.0047,0.0,102.0987,False,-0.3809,0.0115,-0.0046,0.0,102.8019,False
1719247126.0404875,0.1589,0.0004,-0.0068,0.0,102.0987,False,-0.381,-0.0018,-0.0036,-0.0,102.8019,False
1719247126.0691788,0.1589,0.007,0.0061,0.0,102.0519,False,-0.381,0.0045,-0.0046,0.0,102.755,False
1719247126.10006,0.1589,0.0058,0.0061,0.0,102.0987,False,-0.381,-0.0018,0.0005,0.0,102.8487,False
1719247126.1468227,0.1588,-0.0033,-0.0095,-0.0,102.0987,False,-0.3809,0.0042,-0.0056,0.0,102.755,False
1719247126.1760826,0.1589,0.0044,0.0095,0.0,102.0519,False,-0.381,0.0073,-0.0046,0.0,102.8956,False
1719247126.2073958,0.1588,0.0016,0.0108,0.0,102.0519,False,-0.3809,0.0056,0.0036,0.0,102.8487,False
1719247126.2374318,0.1588,0.0013,-0.0,-0.0,102.005,False,-0.3809,0.0063,-0.0005,0.0,102.7081,False
1719247126.268655,0.1588,0.0002,0.0047,0.0,102.0987,False,-0.381,-0.008,-0.0,-0.0,102.7081,False
1719247126.2989073,0.1588,0.0012,0.0021,0.0,102.1456,False,-0.381,0.0083,0.0046,0.0,102.755,False
1719247126.328408,0.1589,0.014,0.0074,0.0,102.005,False,-0.3809,-0.0055,-0.0005,0.0,102.8019,False
1719247126.3586802,0.1588,0.0025,-0.0021,0.0,101.9581,False,-0.381,-0.0106,-0.0102,0.0,102.755,False
1719247126.3885593,0.1588,-0.0066,0.0008,0.0,102.1456,False,-0.381,-0.0233,0.0,0.0,102.8487,False
1719247126.4202483,0.1588,-0.0004,-0.0013,-0.0,102.1456,False,-0.381,-0.0119,-0.0087,-0.0,102.8956,False
1719247126.4511013,0.1588,0.0001,0.015,0.0,102.1456,False,-0.381,-0.0063,0.0076,0.0,102.8956,False
1719247126.4811287,0.1589,0.0085,-0.0013,-0.0,102.0987,False,-0.381,-0.0153,-0.0035,-0.0,102.8019,False
1719247126.5126166,0.1589,0.0086,0.0082,0.0,102.1456,False,-0.3809,0.0117,-0.0087,-0.0,102.755,False
1719247126.5432067,0.1589,0.0028,0.0034,0.0,102.1456,False,-0.381,-0.0033,0.0005,0.0,102.8019,False
1719247126.574764,0.1589,0.0101,0.0021,0.0,102.1456,False,-0.3809,0.0056,-0.0036,-0.0,102.9425,False
1719247126.6039085,0.1588,-0.0092,0.0034,0.0,101.9581,False,-0.3809,0.0057,0.0082,0.0,102.8956,False
1719247126.635306,0.1589,0.0088,-0.0103,0.0,102.1456,False,-0.381,0.0031,0.0082,0.0,102.8487,False
1719247126.6657467,0.1588,0.0075,0.0047,0.0,102.0987,False,-0.381,-0.0021,-0.0046,0.0,102.8019,False
1719247126.6970825,0.1588,0.0001,0.0116,0.0,102.0987,False,-0.381,-0.0025,0.001,0.0,102.8956,False
1719247126.7268205,0.1588,-0.0047,-0.0095,-0.0,102.0519,False,-0.381,0.001,-0.0046,0.0,102.6612,False
1719247126.7568076,0.1589,0.0054,-0.0013,-0.0,102.005,False,-0.381,0.0042,0.0,0.0,102.8019,False
1719247126.7876015,0.1589,0.0101,-0.0061,-0.0,102.0519,False,-0.381,-0.0037,-0.0005,0.0,102.7081,False
1719247126.8185396,0.1588,-0.0008,-0.0082,0.0,102.0987,False,-0.381,-0.0146,0.0005,0.0,102.8019,False
1719247126.8498416,0.1588,0.001,-0.0047,0.0,102.1925,False,-0.381,0.0084,-0.0,0.0,102.9425,False
1719247126.8803084,0.1588,-0.0083,-0.0034,0.0,102.0987,False,-0.381,-0.01,-0.0081,-0.0,102.8956,False
1719247126.9119272,0.1588,-0.0132,-0.0047,-0.0,102.0519,False,-0.3809,0.0096,-0.0046,0.0,102.8019,False
1719247126.9433582,0.1588,-0.0014,0.0069,0.0,102.0987,False,-0.381,0.0072,-0.0138,0.0,102.755,False
1719247126.9746234,0.1589,0.0003,-0.004,-0.0,102.0519,False,-0.381,0.0003,0.0051,0.0,102.9425,False
1719247127.0050595,0.1589,0.018,0.0007,0.0,102.0519,False,-0.3809,0.0097,-0.0036,-0.0,102.8487,False
1719247127.0362024,0.1588,-0.004,0.0021,0.0,102.1456,False,-0.381,-0.0055,-0.0036,-0.0,102.8019,False
1719247127.0672243,0.1589,0.009,0.0034,0.0,102.0987,False,-0.3809,0.006,-0.0128,-0.0,102.8487,False
1719247127.0967214,0.1589,-0.0004,0.0116,0.0,102.005,False,-0.3809,0.0074,-0.0005,0.0,102.8487,False
1719247127.1275835,0.1589,0.0057,-0.0006,-0.0,102.0519,False,-0.3809,0.0061,-0.0077,-0.0,102.6612,False
1719247127.1575205,0.1589,-0.0029,-0.0061,-0.0,102.0987,False,-0.3809,0.0122,0.0051,0.0,102.8487,False
1719247127.188301,0.1589,0.0085,-0.0082,0.0,102.1456,False,-0.3809,0.0124,-0.0041,-0.0,102.7081,False
1719247127.219365,0.1588,-0.0028,0.0013,0.0,102.1456,False,-0.381,-0.0135,-0.0035,-0.0,102.8487,False
1719247127.2499335,0.1589,0.0084,0.0027,0.0,102.1456,False,-0.3809,0.0012,0.0169,0.0,102.8956,False
1719247127.27996,0.1588,-0.0025,-0.0082,0.0,102.1456,False,-0.3809,0.0139,-0.0,-0.0,102.8019,False
1719247127.3111048,0.1589,0.0061,0.0034,0.0,102.005,False,-0.381,0.0019,0.0214,0.0,102.8487,False
1719247127.341355,0.1588,-0.0035,0.0034,0.0,102.1456,False,-0.381,-0.0,-0.0005,0.0,102.8019,False
1719247127.372967,0.1588,-0.008,0.0008,0.0,102.0987,False,-0.381,-0.0037,-0.0051,0.0,102.8487,False
1719247127.4039648,0.1588,-0.0144,-0.0047,-0.0,102.2394,False,-0.381,-0.0078,0.0041,0.0,102.8487,False
1719247127.434688,0.1588,0.0046,0.0061,0.0,102.0519,False,-0.3809,0.0041,-0.0005,0.0,102.8487,False
1719247127.4646869,0.1589,0.0179,0.0068,0.0,102.0987,False,-0.381,-0.0137,0.0056,0.0,102.8487,False
1719247127.4951155,0.1589,0.0014,0.0027,0.0,101.9112,False,-0.381,-0.0008,0.0005,0.0,102.8487,False
1719247127.5257547,0.1589,0.0011,0.0142,0.0,102.005,False,-0.3809,0.0072,-0.0046,0.0,102.8487,False
1719247127.555909,0.1589,0.0043,0.0082,0.0,102.1456,False,-0.381,-0.0106,-0.0046,0.0,102.8019,False
1719247127.5871546,0.1588,-0.0037,-0.0129,0.0,102.0987,False,-0.3809,0.0182,-0.0005,0.0,102.6612,False
1719247127.6181278,0.1588,-0.0172,0.0108,0.0,102.0519,False,-0.381,0.0062,-0.0046,0.0,102.8956,False
1719247127.649308,0.1589,0.0012,0.004,0.0,102.0987,False,-0.381,0.0001,0.0138,0.0,102.8956,False
1719247127.679879,0.1588,0.0004,0.0034,0.0,102.1456,False,-0.3809,0.0041,0.0046,0.0,102.8487,False
1719247127.7112315,0.1589,0.0044,-0.0095,0.0,102.1456,False,-0.381,-0.0173,-0.0005,0.0,102.8019,False
1719247127.7425284,0.1588,-0.0081,-0.0034,0.0,102.0519,False,-0.381,-0.0123,0.0103,0.0,102.7081,False
1719247127.7727165,0.1588,-0.0062,-0.0013,-0.0,102.005,False,-0.381,-0.0174,0.0051,0.0,102.8956,False
1719247127.804172,0.1588,0.0035,0.0069,0.0,102.0987,False,-0.381,-0.0042,-0.0087,-0.0,102.8487,False
1719247127.8351092,0.1589,0.0158,-0.0034,0.0,102.0987,False,-0.381,-0.0084,-0.0138,0.0,102.8019,False
1719247127.8655758,0.1589,0.0002,0.0007,0.0,102.0987,False,-0.3809,0.0122,-0.0046,0.0,102.755,False
1719247127.8961194,0.1588,-0.0211,0.0116,0.0,102.0987,False,-0.381,-0.0143,0.0127,0.0,102.8487,False
1719247127.926149,0.1588,0.002,0.0095,0.0,102.0987,False,-0.381,-0.0036,0.0005,0.0,102.7081,False
1719247127.9558663,0.1589,0.0033,0.0034,0.0,102.1925,False,-0.381,-0.0187,0.0046,0.0,102.8956,False
1719247127.986162,0.1588,-0.0093,0.0047,0.0,102.0987,False,-0.3809,0.0102,-0.001,0.0,102.6612,False
1719247128.0164378,0.1589,-0.001,-0.0027,-0.0,102.0987,False,-0.381,-0.0213,0.0041,0.0,102.8487,False
1719247128.0462155,0.1589,0.005,-0.0027,-0.0,102.0987,False,-0.381,-0.0122,0.0041,0.0,102.8487,False
1719247128.076683,0.1589,0.0072,0.0013,0.0,102.0519,False,-0.381,-0.002,0.0051,0.0,102.8487,False
1719247128.106155,0.1588,-0.0013,0.0069,0.0,102.1925,False,-0.381,-0.0175,0.0046,0.0,102.755,False
1719247128.1362286,0.1589,-0.0057,-0.0116,0.0,102.0987,False,-0.381,-0.0117,-0.0046,0.0,102.8019,False
1719247128.1675425,0.1588,-0.0012,-0.0142,-0.0,102.0987,False,-0.381,-0.002,-0.0133,0.0,102.8019,False
1719247128.197724,0.1589,0.0111,0.0095,0.0,102.0519,False,-0.381,-0.0108,-0.0,0.0,102.7081,False
1719247128.2282286,0.1589,-0.007,-0.0129,0.0,102.0519,False,-0.3809,0.0099,-0.0,-0.0,102.8019,False
1719247128.2587457,0.1588,-0.011,0.0069,0.0,102.0987,False,-0.381,-0.0222,-0.0046,0.0,102.8019,False
1719247128.2894816,0.1589,0.0006,0.0,0.0,102.0519,False,-0.3809,0.0024,0.0041,0.0,102.8019,False
1719247128.3201795,0.1589,0.0021,0.0048,0.0,102.0987,False,-0.3809,0.0179,-0.0046,0.0,102.6612,False
1719247128.3495069,0.1589,0.0039,0.0,0.0,102.2862,False,-0.381,-0.0099,0.0005,0.0,102.8019,False
1719247128.380338,0.1589,0.0165,-0.0007,-0.0,102.0519,False,-0.3809,0.0102,0.0092,0.0,102.7081,False
1719247128.4103525,0.1588,-0.0076,0.0034,0.0,102.0519,False,-0.381,-0.0004,0.0092,0.0,102.9425,False
1719247128.4409335,0.1589,0.0067,-0.0041,0.0,102.1456,False,-0.3809,0.0164,-0.001,0.0,102.8019,False
1719247128.471845,0.1589,-0.0016,-0.0068,0.0,102.0987,False,-0.3809,-0.004,-0.0046,0.0,102.8956,False
1719247128.5028868,0.1589,-0.0011,-0.0034,0.0,102.0519,False,-0.381,-0.0102,-0.0127,-0.0,102.8019,False
1719247128.5328548,0.1589,-0.002,-0.0068,0.0,101.9581,False,-0.3809,0.0149,-0.0041,-0.0,102.755,False
1719247128.5642498,0.1588,-0.0113,-0.0034,0.0,102.0987,False,-0.381,-0.0037,-0.0041,-0.0,102.8019,False
1719247128.594458,0.1589,0.0145,-0.0054,0.0,102.0987,False,-0.381,-0.0043,-0.0092,0.0,102.7081,False
1719247128.6255116,0.1588,-0.0046,0.0013,0.0,102.1456,False,-0.3809,0.0158,0.0046,0.0,102.8019,False
1719247128.657251,0.1588,0.0022,-0.0047,-0.0,102.0987,False,-0.381,-0.0104,0.0046,0.0,102.755,False
1719247128.6878095,0.1589,0.0086,0.0,0.0,102.1456,False,-0.381,-0.0145,0.0052,0.0,102.8956,False
1719247128.7188518,0.1588,-0.0122,0.0026,0.0,102.1456,False,-0.381,-0.015,-0.0005,0.0,102.6612,False
1719247128.748576,0.1588,-0.0077,-0.0061,-0.0,102.1456,False,-0.3809,-0.0073,-0.0036,-0.0,102.7081,False
1719247128.7797084,0.1588,-0.004,-0.0021,0.0,102.0987,False,-0.3809,0.0026,-0.0041,-0.0,102.7081,False
1719247128.8103147,0.1589,-0.0035,0.0013,0.0,102.0519,False,-0.381,-0.0083,-0.0092,0.0,102.8487,False
1719247128.8415127,0.1588,-0.0132,-0.0047,-0.0,102.0987,False,-0.381,0.0008,-0.0041,-0.0,102.755,False
1719247128.8722095,0.1588,-0.006,-0.0061,-0.0,102.0519,False,-0.381,-0.0075,-0.0005,0.0,102.8487,False
1719247128.9031544,0.1588,-0.0133,-0.0116,0.0,102.0987,False,-0.3809,0.0005,0.0056,0.0,102.8956,False
1719247128.9336646,0.1588,-0.0048,0.0008,0.0,102.005,False,-0.381,0.0018,0.0092,0.0,102.7081,False
1719247128.965407,0.1589,0.0075,0.0034,0.0,102.0987,False,-0.3809,0.0204,-0.001,0.0,102.6612,False
1719247128.995519,0.1589,0.0035,0.0021,0.0,102.0519,False,-0.3809,0.0014,-0.0046,0.0,102.755,False
1719247129.0265486,0.1589,0.0055,-0.0177,-0.0,102.0519,False,-0.381,-0.0084,0.0051,0.0,102.8487,False
1719247129.057604,0.1588,-0.0079,-0.0129,0.0,102.0987,False,-0.3809,0.0152,0.0005,0.0,102.8487,False
1719247129.0872254,0.1589,0.0037,-0.0048,-0.0,102.1456,False,-0.381,0.0022,-0.0133,0.0,102.8487,False
1719247129.117902,0.1589,0.0013,-0.0048,-0.0,102.0519,False,-0.381,-0.0069,0.0041,0.0,102.8019,False
1719247129.1488318,0.1589,0.0054,0.0,0.0,101.9581,False,-0.381,0.0048,0.0103,0.0,102.755,False
1719247129.1788042,0.1588,-0.01,0.0,0.0,102.1456,False,-0.3809,0.0163,-0.0005,0.0,102.8019,False
1719247129.2093782,0.1589,0.0006,0.0061,0.0,102.0987,False,-0.3809,0.0265,-0.0046,0.0,102.9425,False
1719247129.2395635,0.1589,0.0159,-0.0102,0.0,102.0519,False,-0.381,-0.0045,0.0092,0.0,102.755,False
1719247129.2707343,0.1588,-0.0207,-0.0095,-0.0,102.0519,False,-0.381,0.0062,0.0046,0.0,102.8956,False
1719247129.3003597,0.1589,0.0053,0.0027,0.0,102.0519,False,-0.3809,0.0109,0.0,0.0,102.8019,False
1719247129.3300433,0.1588,-0.0041,0.0129,0.0,102.005,False,-0.3809,0.0142,0.0051,0.0,102.8956,False
1719247129.3619986,0.1589,0.0024,0.0021,0.0,102.0519,False,-0.381,-0.0088,0.0,0.0,102.8956,False
1719247129.3919067,0.1589,-0.0023,0.0068,0.0,102.1456,False,-0.3809,0.0148,-0.0077,-0.0,102.7081,False
1719247129.4222302,0.1589,-0.0039,0.0034,0.0,102.0987,False,-0.381,-0.0014,-0.0031,-0.0,102.8019,False
1719247129.452408,0.1589,-0.0078,0.0,0.0,102.1456,False,-0.3809,0.0148,-0.0051,0.0,102.8956,False
1719247129.4828959,0.1589,0.0031,0.0143,0.0,102.0987,False,-0.381,-0.0214,0.0046,0.0,102.7081,False
1719247129.5141132,0.1588,0.0045,0.0163,0.0,102.0519,False,-0.3809,0.0156,-0.0046,0.0,102.8019,False
1719247129.5439682,0.1588,-0.0081,-0.0047,-0.0,102.1925,False,-0.381,-0.0009,-0.0041,-0.0,102.7081,False
1719247129.5748997,0.1589,0.0041,0.0108,0.0,102.0519,False,-0.3809,0.0031,-0.0026,-0.0,102.8019,False
1719247129.6053967,0.1589,0.0088,0.0048,0.0,102.1456,False,-0.381,0.0039,-0.0005,0.0,102.8019,False
1719247129.636818,0.1589,0.0021,0.0082,0.0,102.0519,False,-0.381,-0.0071,0.0005,0.0,102.755,False
1719247129.6678565,0.1588,-0.0105,0.0034,0.0,102.0987,False,-0.3809,0.0,-0.0072,-0.0,102.8487,False
1719247129.698855,0.1589,0.0055,0.0095,0.0,102.0987,False,-0.381,-0.0099,0.0036,0.0,102.8956,False
1719247129.7293258,0.1589,0.0049,-0.0034,0.0,102.0987,False,-0.3809,0.0104,0.0087,0.0,102.755,False
1719247129.7603307,0.1589,-0.0045,0.0021,0.0,102.0519,False,-0.3809,0.013,0.0005,0.0,102.755,False
1719247129.791078,0.1589,0.0014,-0.0122,-0.0,102.0519,False,-0.381,-0.0033,-0.0,-0.0,102.9894,False
1719247129.8205588,0.1589,-0.001,-0.0055,0.0,102.0519,False,-0.381,-0.011,0.0087,0.0,102.8019,False
1719247129.8519378,0.1589,0.0032,0.0021,0.0,102.1925,False,-0.381,-0.0028,-0.0041,-0.0,102.6612,False
1719247129.8826077,0.1589,0.0036,-0.0034,0.0,101.9581,False,-0.3809,0.0064,-0.0051,0.0,102.7081,False
1719247129.9124248,0.1589,0.0025,0.0021,0.0,102.0987,False,-0.381,-0.0143,-0.0005,0.0,102.755,False
1719247129.9424858,0.1589,0.0047,0.0034,0.0,102.2394,False,-0.381,-0.0099,-0.0051,0.0,102.7081,False
1719247129.9731193,0.1589,0.0183,0.0082,0.0,102.1456,False,-0.381,-0.0005,-0.0046,0.0,102.8019,False
1719247130.00307,0.1589,0.0078,0.0048,0.0,102.1456,False,-0.381,0.0005,0.0051,0.0,102.8956,False
1719247130.0341656,0.1588,-0.0088,-0.0074,-0.0,102.0519,False,-0.381,-0.0203,0.0016,0.0,102.8487,False
1719247130.0655875,0.1588,-0.0174,0.0047,0.0,102.0519,False,-0.381,-0.0191,0.0011,0.0,102.7081,False
1719247130.0948055,0.1589,0.0111,-0.0095,-0.0,102.0519,False,-0.3809,0.0046,0.0092,0.0,102.8487,False
1719247130.1257563,0.1589,0.0045,-0.0102,-0.0,102.0519,False,-0.3809,0.0011,-0.0082,-0.0,102.8019,False
1719247130.1562216,0.1588,-0.0097,-0.0095,-0.0,102.0519,False,-0.381,-0.0148,0.0041,0.0,102.7081,False
1719247130.185348,0.1588,-0.0064,0.0082,0.0,102.0519,False,-0.381,0.0157,0.0102,0.0,102.8487,False
1719247130.2156537,0.1589,0.0064,0.0,0.0,102.1456,False,-0.381,-0.0056,0.0087,0.0,102.8019,False
1719247130.2451804,0.1589,0.02,0.0048,0.0,102.0987,False,-0.3809,0.0118,-0.0077,-0.0,102.8019,False
1719247130.2755911,0.1588,-0.0092,-0.0013,-0.0,102.0987,False,-0.381,-0.0031,0.0143,0.0,102.8956,False
1719247130.30778,0.1588,-0.0147,0.0103,0.0,102.0987,False,-0.3809,0.0058,-0.0046,0.0,102.8956,False
1719247130.3385859,0.1589,0.0081,-0.0048,-0.0,102.0519,False,-0.3809,0.0032,-0.0041,-0.0,102.9425,False
1719247130.3694155,0.1588,-0.0038,0.0013,0.0,102.0987,False,-0.381,-0.005,-0.0046,0.0,102.755,False
1719247130.4009414,0.1589,-0.009,-0.0021,0.0,102.0987,False,-0.3809,0.0084,0.0005,0.0,102.8487,False
1719247130.4315956,0.1589,0.0122,0.0095,0.0,102.005,False,-0.3809,-0.0004,-0.0056,0.0,102.7081,False
1719247130.4613998,0.1589,0.0,0.0,0.0,102.0519,False,-0.3809,0.014,-0.005,0.0,102.7081,False
1719247130.4921854,0.1589,0.0126,0.0,0.0,102.0987,False,-0.381,-0.0128,0.0046,0.0,102.8956,False
1719247130.5224617,0.1588,-0.0091,0.0047,0.0,102.0987,False,-0.381,-0.0026,0.0005,0.0,102.7081,False
1719247130.552881,0.1589,0.0088,0.0095,0.0,102.0519,False,-0.3809,0.0153,-0.0005,0.0,102.8019,False
1719247130.5828538,0.1589,-0.0039,-0.0103,0.0,102.1456,False,-0.381,-0.0043,0.0041,0.0,102.8487,False
1719247130.612328,0.1588,-0.0081,-0.0047,-0.0,102.0987,False,-0.3809,0.0041,0.0046,0.0,102.7081,False
1719247130.644004,0.1589,0.002,0.0068,0.0,102.0519,False,-0.3809,0.0146,0.0005,0.0,102.8019,False
1719247130.6746123,0.1588,-0.0125,-0.0013,-0.0,102.0987,False,-0.3809,0.0067,0.0041,0.0,102.6612,False
1719247130.705119,0.1589,0.0022,0.0082,0.0,102.1456,False,-0.381,0.0076,0.0046,0.0,102.8019,False
1719247130.7352157,0.1589,-0.0047,0.0021,0.0,102.0519,False,-0.381,-0.0163,0.0087,0.0,102.8019,False
1719247130.7652102,0.1589,0.0098,0.0061,0.0,102.1456,False,-0.381,-0.0037,-0.0046,0.0,102.755,False
1719247130.795951,0.1589,0.0094,-0.0048,-0.0,102.0987,False,-0.381,-0.0086,-0.0041,-0.0,102.8019,False
1719247130.8261535,0.159,0.0135,0.0095,0.0,102.0987,False,-0.3809,0.0064,0.0041,0.0,102.8487,False
1719247130.856522,0.1589,0.0019,0.0021,0.0,102.1456,False,-0.3809,0.0048,0.0087,0.0,102.9894,False
1719247130.8875782,0.1588,-0.0053,-0.0061,-0.0,102.0987,False,-0.3809,0.0018,0.0005,0.0,102.8487,False
1719247130.9186466,0.1589,-0.001,0.0048,0.0,102.005,False,-0.381,-0.0137,0.0057,0.0,102.8956,False
1719247130.9492261,0.1589,0.0125,0.0034,0.0,102.0987,False,-0.3809,0.0136,0.005,0.0,102.8019,False
1719247130.9797432,0.1588,-0.0049,-0.019,-0.0,102.0987,False,-0.381,-0.005,0.0056,0.0,102.7081,False
1719247131.008808,0.1589,0.0011,0.0,0.0,102.0987,False,-0.381,-0.0075,-0.0035,-0.0,102.8487,False
1719247131.0392349,0.1589,0.0058,0.0,0.0,102.0987,False,-0.381,-0.0062,0.0128,0.0,102.8487,False
1719247131.0702076,0.1589,0.0135,-0.0055,0.0,102.0519,False,-0.381,-0.0039,0.0005,0.0,102.7081,False
1719247131.1007042,0.1589,0.0059,-0.0116,-0.0,102.0519,False,-0.3809,-0.0014,0.0041,0.0,102.755,False
1719247131.131217,0.1589,0.0077,-0.0048,0.0,102.0987,False,-0.381,-0.007,-0.0,-0.0,102.8956,False
1719247131.1617153,0.1588,-0.0082,0.0108,0.0,101.9112,False,-0.381,-0.0047,-0.0092,0.0,102.755,False
1719247131.1927342,0.1589,-0.0007,0.0156,0.0,102.0987,False,-0.3809,0.0077,0.0005,0.0,102.8956,False
1719247131.224427,0.1589,0.0077,0.0082,0.0,102.0987,False,-0.381,-0.0036,-0.0041,-0.0,102.8956,False
1719247131.255265,0.1588,0.0043,-0.0095,0.0,102.0987,False,-0.3811,-0.0424,0.0028,0.0,102.6144,False
1719247131.286131,0.1589,-0.003,-0.0008,0.0,102.0519,False,-0.381,-0.008,-0.0036,-0.0,102.8487,False
1719247131.3152037,0.1589,0.0,0.0048,0.0,102.005,False,-0.3809,0.0,-0.0005,0.0,102.7081,False
1719247131.3450856,0.1589,-0.001,-0.0108,-0.0,102.0987,False,-0.381,-0.0033,0.0081,0.0,102.8956,False
1719247131.3755665,0.1589,0.0192,-0.0048,-0.0,102.0987,False,-0.3809,0.0083,0.0128,0.0,102.8956,False
1719247131.406451,0.1589,0.0078,-0.0116,0.0,102.0519,False,-0.381,-0.0177,0.0168,0.0,102.755,False
1719247131.436442,0.1588,-0.0122,0.0069,0.0,102.1456,False,-0.3809,0.0186,0.0041,0.0,102.755,False
1719247131.4678352,0.1589,0.0033,0.0013,0.0,102.005,False,-0.3809,0.0208,0.0041,0.0,102.6612,False
1719247131.4983356,0.1589,0.0065,0.0082,0.0,102.0987,False,-0.381,-0.006,-0.0046,0.0,102.8487,False
1719247131.5286298,0.1588,-0.014,-0.0129,0.0,102.1456,False,-0.3809,0.0018,0.0056,0.0,102.9894,False
1719247131.5598326,0.1589,0.0007,-0.0129,0.0,102.005,False,-0.381,-0.007,-0.0005,0.0,102.8019,False
1719247131.6044598,0.1589,-0.0067,0.004,0.0,102.005,False,-0.381,0.0017,-0.0031,-0.0,102.8487,False
1719247131.6338289,0.1589,-0.0041,-0.0013,-0.0,102.0987,False,-0.3809,0.0144,-0.0041,-0.0,102.6612,False
1719247131.665361,0.1588,-0.0107,-0.0047,-0.0,102.0519,False,-0.381,-0.0073,-0.0005,0.0,102.8019,False
1719247131.6958458,0.1588,0.0014,0.0047,0.0,102.0519,False,-0.381,-0.0041,0.0056,0.0,102.8019,False
1719247131.7261693,0.1589,0.0019,0.0082,0.0,102.0987,False,-0.381,-0.0017,-0.0046,0.0,102.8487,False
1719247131.7569606,0.1589,0.0092,-0.0007,0.0,102.0987,False,-0.381,-0.0112,0.0046,0.0,102.8956,False
1719247131.7873545,0.1588,-0.0064,-0.0164,0.0,102.0987,False,-0.3809,0.0021,-0.0087,-0.0,102.8019,False
1719247131.8182294,0.1588,-0.0062,0.0034,0.0,102.0987,False,-0.381,-0.0029,0.0041,0.0,102.9425,False
1719247131.8483057,0.1588,-0.0095,0.0082,0.0,102.1456,False,-0.381,0.0043,-0.0005,0.0,102.755,False
1719247131.8788536,0.1588,-0.0077,-0.0069,0.0,102.0519,False,-0.3809,0.0133,-0.0046,0.0,102.8019,False
1719247131.909006,0.1589,0.0137,-0.0048,-0.0,102.0987,False,-0.3809,0.0089,-0.0036,-0.0,102.6612,False
1719247131.9401996,0.1588,-0.0145,-0.0026,-0.0,102.0519,False,-0.381,-0.0028,0.0046,0.0,102.7081,False
1719247131.971689,0.1589,0.0072,-0.0048,-0.0,102.1456,False,-0.381,-0.0178,-0.0051,0.0,102.8956,False
1719247132.003205,0.1589,0.0102,-0.0014,-0.0,102.0987,False,-0.381,-0.0044,0.0092,0.0,102.7081,False
1719247132.032848,0.1589,0.0091,0.0108,0.0,102.1925,False,-0.3809,0.022,-0.0037,-0.0,102.8956,False
1719247132.063753,0.1588,-0.0184,-0.0022,0.0,102.1456,False,-0.381,0.0004,-0.0133,-0.0,102.755,False
1719247132.0944662,0.1589,-0.0011,-0.0013,-0.0,102.0987,False,-0.381,-0.0096,-0.0041,-0.0,102.8019,False
1719247132.1250918,0.1589,0.0108,0.0048,0.0,102.1456,False,-0.381,-0.0108,0.0051,0.0,102.8019,False
1719247132.1546767,0.1589,0.0015,0.0061,0.0,102.0987,False,-0.381,0.0015,-0.0041,-0.0,102.9425,False
1719247132.1859102,0.1589,0.0149,0.0048,0.0,102.1456,False,-0.3809,0.0051,0.0005,0.0,102.8956,False
1719247132.215105,0.1589,0.0073,0.0,0.0,102.0519,False,-0.3809,0.0203,0.0032,0.0,102.7081,False
1719247132.2464182,0.1588,-0.0022,0.0013,0.0,102.1456,False,-0.3809,-0.001,-0.0005,0.0,102.8487,False
1719247132.2766325,0.1588,-0.0144,0.0013,0.0,102.0519,False,-0.381,-0.0002,-0.0005,0.0,102.8019,False
1719247132.3066518,0.1588,-0.0071,-0.0026,-0.0,102.1456,False,-0.381,-0.0057,-0.0082,-0.0,102.7081,False
1719247132.33736,0.1589,0.0127,0.0007,0.0,102.0987,False,-0.3809,0.0055,0.0046,0.0,102.8487,False
1719247132.3676035,0.1588,-0.0052,0.0047,0.0,102.0519,False,-0.381,0.0064,0.0087,0.0,102.8956,False
1719247132.3975046,0.1589,0.0069,-0.0143,-0.0,102.0519,False,-0.381,-0.0035,-0.0097,-0.0,102.8487,False
1719247132.4287798,0.1589,0.0014,-0.0048,-0.0,102.0519,False,-0.381,0.0053,0.0041,0.0,102.755,False
1719247132.4588814,0.1588,-0.0038,-0.0074,-0.0,102.1456,False,-0.381,0.0104,-0.0046,0.0,102.8019,False
1719247132.4889185,0.159,0.0169,0.0034,0.0,102.0987,False,-0.3809,0.01,0.0082,0.0,102.8487,False
1719247132.519036,0.1588,-0.0007,-0.0034,0.0,102.0987,False,-0.3809,0.0152,0.0036,0.0,102.755,False
1719247132.5495753,0.1588,-0.0153,0.0008,0.0,102.1456,False,-0.381,-0.0044,-0.0076,-0.0,102.8956,False
1719247132.5795822,0.1589,-0.0001,-0.0034,0.0,102.0987,False,-0.3809,0.0013,0.001,0.0,102.8487,False
1719247132.610876,0.1589,0.0043,0.0027,0.0,102.0987,False,-0.3809,0.011,-0.0051,0.0,102.755,False
1719247132.6417038,0.1588,-0.0228,0.006,0.0,102.0519,False,-0.3809,0.0075,-0.0046,-0.0,102.8487,False
1719247132.671632,0.1589,0.0208,-0.0048,-0.0,102.1456,False,-0.3809,-0.0015,-0.0,-0.0,102.7081,False
1719247132.7028546,0.1589,-0.0026,0.0013,0.0,102.1925,False,-0.381,0.0089,0.0077,0.0,102.8019,False
1719247132.733646,0.1588,-0.0013,0.0129,0.0,102.1925,False,-0.3809,0.0098,0.001,0.0,102.8019,False
1719247132.76464,0.1589,0.0196,-0.0082,0.0,102.0519,False,-0.3809,0.0042,-0.0087,-0.0,102.8487,False
1719247132.7954571,0.1589,0.0029,-0.0061,-0.0,102.005,False,-0.381,0.0114,-0.0133,0.0,102.6612,False
1719247132.8250575,0.1588,-0.016,-0.0026,0.0,102.005,False,-0.3809,0.0115,-0.0082,-0.0,102.8956,False
1719247132.8552034,0.1589,0.0109,0.0,0.0,102.1925,False,-0.3811,-0.0129,0.0052,0.0,102.6612,False
1719247132.8850064,0.1588,-0.0016,-0.0047,-0.0,102.1456,False,-0.381,-0.0107,-0.0,0.0,102.9894,False
1719247132.9153843,0.1589,0.0118,0.0082,0.0,102.0519,False,-0.381,-0.0102,-0.0046,0.0,102.8019,False
1719247132.9616838,0.1589,-0.0071,0.0013,0.0,102.0987,False,-0.381,0.0025,0.0052,0.0,102.7081,False
1719247132.992503,0.1589,0.0081,-0.0034,0.0,102.005,False,-0.381,-0.0068,0.0035,0.0,102.7081,False
1719247133.0223036,0.1589,0.0104,0.0095,0.0,102.0987,False,-0.381,0.0033,0.0046,0.0,103.0362,False
1719247133.0522957,0.1588,-0.0211,-0.0095,-0.0,102.0987,False,-0.381,0.0067,0.001,0.0,102.8019,False
1719247133.083983,0.1589,0.0028,-0.0095,-0.0,102.1456,False,-0.3809,0.0105,0.0031,0.0,102.9425,False
1719247133.1137197,0.1589,0.0089,-0.0048,-0.0,102.0519,False,-0.381,-0.0154,-0.0,-0.0,102.7081,False
1719247133.144387,0.1588,-0.0084,0.0,0.0,102.0519,False,-0.381,-0.0279,-0.0006,0.0,102.7081,False
1719247133.1743965,0.1589,-0.0069,-0.0013,-0.0,102.0987,False,-0.381,-0.0022,-0.0138,0.0,102.8019,False
1719247133.2062593,0.1589,0.0122,0.0048,0.0,102.1456,False,-0.381,-0.0037,0.0081,0.0,102.8487,False
1719247133.2368236,0.1589,0.0156,-0.0014,-0.0,102.0519,False,-0.381,-0.0036,0.0046,0.0,102.8019,False
1719247133.2673037,0.1589,0.0071,-0.0048,-0.0,102.0987,False,-0.381,-0.0018,-0.0046,0.0,102.8019,False
1719247133.29836,0.1589,-0.0018,-0.0074,-0.0,102.0987,False,-0.381,-0.0004,-0.0036,-0.0,102.7081,False
1719247133.3309572,0.1589,-0.001,0.0116,0.0,102.0987,False,-0.381,-0.001,0.001,0.0,102.8487,False
1719247133.360508,0.1589,0.0052,0.0013,0.0,102.005,False,-0.381,-0.0002,-0.0082,-0.0,102.6612,False
1719247133.3911526,0.1589,0.008,0.0095,0.0,102.0519,False,-0.381,0.0102,-0.0102,0.0,102.8019,False
1719247133.4225085,0.1588,-0.0142,-0.0082,0.0,102.0519,False,-0.3809,0.0035,-0.0046,0.0,102.755,False
1719247133.4532902,0.1589,0.0013,-0.0013,-0.0,102.005,False,-0.381,-0.0052,0.0005,0.0,102.8487,False
1719247133.4841976,0.1589,-0.0049,-0.0047,-0.0,102.1456,False,-0.381,-0.005,-0.003,-0.0,102.755,False
1719247133.5141897,0.1589,-0.0013,-0.0068,0.0,102.0519,False,-0.3809,0.0052,0.001,0.0,102.8487,False
1719247133.544311,0.1589,0.0056,0.0048,0.0,102.0519,False,-0.3809,-0.0067,0.0082,0.0,102.8487,False
1719247133.5757434,0.1588,-0.0115,0.0061,0.0,102.0987,False,-0.381,-0.0098,-0.0057,0.0,102.8956,False
1719247133.6052253,0.1589,0.0057,-0.0108,-0.0,102.0987,False,-0.381,-0.0125,-0.0076,-0.0,102.8019,False
1719247133.6362102,0.1588,-0.0159,-0.0116,0.0,102.0519,False,-0.3809,0.0071,-0.0046,0.0,102.8019,False
1719247133.6673539,0.1589,-0.0021,-0.0061,-0.0,102.1456,False,-0.381,-0.0077,0.0041,0.0,102.7081,False
1719247133.6983454,0.1589,-0.0004,-0.0013,-0.0,102.0987,False,-0.381,0.0033,-0.0057,0.0,102.8019,False
1719247133.728007,0.1588,-0.0164,-0.0021,0.0,102.005,False,-0.3809,0.0097,0.001,0.0,102.8956,False
1719247133.758696,0.1588,-0.0095,0.0034,0.0,102.0987,False,-0.3809,0.0127,-0.0096,-0.0,102.755,False
1719247133.789308,0.159,0.0251,-0.0081,0.0,102.0519,False,-0.381,-0.0089,0.0035,0.0,102.8019,False
1719247133.8203158,0.1589,0.0037,0.0048,0.0,102.0519,False,-0.381,-0.0008,0.0214,0.0,102.9425,False
1719247133.8503342,0.1589,0.0073,-0.0068,0.0,102.0987,False,-0.3809,0.0225,0.0041,0.0,102.7081,False
1719247133.880406,0.1588,-0.0042,-0.0047,-0.0,102.0519,False,-0.3809,0.0069,0.0005,0.0,102.7081,False
1719247133.91092,0.1589,0.0006,-0.0095,-0.0,102.0987,False,-0.381,-0.0213,-0.004,-0.0,102.8487,False
1719247133.9411874,0.1589,0.0049,-0.0095,-0.0,102.0519,False,-0.3809,0.0242,0.0128,0.0,102.6612,False
1719247133.9720192,0.1589,0.0108,0.0082,0.0,102.0519,False,-0.381,-0.0064,0.0,0.0,102.8487,False
1719247134.0034533,0.1589,0.0115,0.0061,0.0,102.0987,False,-0.381,0.0041,0.0087,0.0,102.8487,False
1719247134.0490592,0.1588,-0.019,-0.0103,0.0,102.0987,False,-0.381,0.0108,-0.0128,-0.0,102.755,False
1719247134.0801926,0.1589,0.0181,0.0102,0.0,102.0987,False,-0.3809,0.0109,-0.0005,0.0,102.8487,False
1719247134.1111977,0.1589,-0.0052,0.0047,0.0,102.0987,False,-0.381,-0.0013,-0.0041,-0.0,102.7081,False
1719247134.1415,0.1588,-0.0081,0.0047,0.0,102.1456,False,-0.381,-0.0129,-0.0046,0.0,102.755,False
1719247134.1720433,0.1589,-0.0072,0.0,0.0,102.0987,False,-0.3809,-0.0036,0.0051,0.0,102.8956,False
1719247134.2025077,0.1589,0.0057,-0.0,0.0,102.1456,False,-0.3809,0.0089,-0.0041,-0.0,102.9425,False
1719247134.232208,0.1588,-0.0218,-0.0056,0.0,102.1456,False,-0.3809,0.0185,-0.0046,0.0,102.8019,False
1719247134.2623181,0.1589,0.0017,0.0055,-0.0,102.005,False,-0.3809,0.0016,0.0046,0.0,102.7081,False
1719247134.293003,0.1589,0.0086,0.0034,0.0,102.0987,False,-0.381,-0.003,-0.0051,0.0,102.8019,False
1719247134.3241358,0.1589,0.004,0.0013,0.0,102.0519,False,-0.3809,0.0088,-0.0036,-0.0,102.8019,False
1719247134.3542626,0.1588,-0.004,0.0156,0.0,102.0987,False,-0.381,0.0015,-0.0,0.0,102.9894,False
1719247134.3851507,0.1589,0.0104,0.0,0.0,102.0987,False,-0.381,-0.016,0.0035,0.0,102.8956,False
1719247134.416388,0.1589,0.0143,0.0034,0.0,102.0519,False,-0.3809,-0.003,0.0005,0.0,102.8956,False
1719247134.4469619,0.1589,0.0096,-0.002,0.0,102.005,False,-0.3809,0.0139,-0.0036,0.0,102.755,False
1719247134.4777944,0.1588,-0.0123,-0.0021,0.0,102.0987,False,-0.3809,0.0039,-0.0005,0.0,102.755,False
1719247134.5077453,0.159,0.0335,-0.0062,0.0,102.0519,False,-0.3809,0.0032,-0.0123,-0.0,102.6612,False
1719247134.5391555,0.1589,0.0044,0.0034,0.0,102.0987,False,-0.381,-0.0159,-0.0,-0.0,102.8019,False
1719247134.5699909,0.1589,0.003,0.0,0.0,102.005,False,-0.381,-0.0042,0.0005,0.0,102.7081,False
1719247134.599818,0.1589,0.0057,0.0,0.0,102.1456,False,-0.3809,0.007,0.0015,0.0,102.8019,False
1719247134.6313226,0.1588,-0.0078,-0.0095,-0.0,102.1456,False,-0.3809,0.0093,0.0005,0.0,102.755,False
1719247134.6618333,0.1589,0.0129,0.0,0.0,102.1456,False,-0.3809,0.0122,-0.0036,-0.0,102.8487,False
1719247134.6924138,0.159,0.0176,-0.002,0.0,102.005,False,-0.3809,0.0066,0.0096,0.0,102.755,False
1719247134.7239618,0.1588,-0.0049,-0.0005,-0.0,102.1456,False,-0.3809,0.0056,-0.0015,0.0,102.8956,False
1719247134.7537897,0.1588,-0.0158,0.0129,0.0,102.0987,False,-0.3809,0.0129,0.0087,0.0,102.8019,False
1719247134.7846165,0.1589,0.0089,0.0177,0.0,102.0519,False,-0.381,-0.012,-0.0087,-0.0,102.755,False
1719247134.8147147,0.1589,0.0003,-0.0027,-0.0,102.0987,False,-0.381,-0.0079,-0.0081,-0.0,102.8487,False
1719247134.8612697,0.1589,0.0019,-0.0068,0.0,102.0987,False,-0.3809,0.002,-0.0036,-0.0,102.8956,False
1719247134.8916578,0.1589,0.0108,0.0014,0.0,102.1456,False,-0.381,-0.0023,-0.0051,0.0,102.6612,False
1719247134.9221666,0.1589,-0.0085,0.0074,0.0,102.005,False,-0.381,-0.0069,-0.0046,0.0,102.8487,False
1719247134.9519923,0.1588,-0.004,0.0013,-0.0,102.0987,False,-0.381,-0.0185,0.0092,0.0,102.7081,False
1719247134.982004,0.1589,-0.0036,0.0074,0.0,102.0987,False,-0.381,-0.0154,-0.0133,0.0,102.8019,False
1719247135.0127625,0.1589,-0.002,-0.0068,0.0,102.0987,False,-0.381,-0.0053,-0.0087,-0.0,102.8956,False
1719247135.0443132,0.1589,-0.0062,-0.0108,-0.0,102.0987,False,-0.381,-0.0092,-0.0,-0.0,102.7081,False
1719247135.073798,0.1589,0.0039,0.0021,0.0,102.0519,False,-0.3809,0.0116,0.0179,0.0,102.8487,False
1719247135.105511,0.1589,-0.0081,-0.0068,0.0,102.0519,False,-0.3809,0.0143,-0.0005,0.0,102.9894,False
1719247135.1361053,0.1588,-0.0137,0.0,0.0,102.005,False,-0.381,-0.0034,-0.0035,-0.0,102.755,False
1719247135.1669412,0.1589,0.0023,-0.002,0.0,102.0987,False,-0.3809,0.0049,-0.0005,0.0,102.8019,False
1719247135.1979663,0.1589,-0.0053,-0.0055,0.0,102.0519,False,-0.381,0.0085,0.0046,0.0,102.755,False
1719247135.228569,0.1589,0.0146,0.0034,0.0,102.0987,False,-0.381,0.0045,-0.0,-0.0,102.8019,False
1719247135.2598011,0.1589,0.0048,0.0013,0.0,102.0987,False,-0.381,-0.0128,-0.003,-0.0,102.8487,False
1719247135.2898054,0.1589,-0.0002,-0.0082,0.0,102.005,False,-0.381,-0.0103,-0.0021,0.0,102.8956,False
1719247135.3203282,0.159,0.0156,0.0075,0.0,102.1456,False,-0.381,-0.0085,0.0,0.0,102.9425,False
1719247135.3504252,0.1589,0.0076,-0.0014,-0.0,102.0519,False,-0.381,-0.0018,-0.0041,-0.0,102.7081,False
1719247135.3805323,0.1589,-0.0071,-0.0034,0.0,102.0519,False,-0.381,0.0031,-0.0087,-0.0,102.8487,False
1719247135.4119742,0.1589,0.0152,-0.002,0.0,102.0987,False,-0.381,-0.0061,0.0005,0.0,102.8956,False
1719247135.441786,0.1589,-0.0091,-0.0116,0.0,102.0987,False,-0.381,-0.0113,-0.0005,0.0,102.6144,False
1719247135.4728534,0.1589,-0.0061,0.0061,0.0,102.005,False,-0.3809,0.0141,-0.0097,0.0,102.755,False
1719247135.5032077,0.1589,0.0046,-0.0027,-0.0,102.1456,False,-0.381,-0.0067,0.0,0.0,102.7081,False
1719247135.533859,0.1589,0.0024,0.0054,0.0,102.005,False,-0.381,-0.0023,0.0108,0.0,102.7081,False
1719247135.5644085,0.1589,-0.0049,-0.0082,0.0,102.1456,False,-0.381,-0.0059,-0.0051,0.0,102.7081,False
1719247135.5944645,0.1589,0.0032,0.0034,0.0,102.0987,False,-0.3809,0.009,-0.0092,0.0,102.9894,False
1719247135.6245494,0.1589,-0.0042,0.0034,0.0,102.0987,False,-0.3809,0.0003,0.0046,0.0,102.8956,False
1719247135.6554081,0.1589,-0.0039,-0.0013,-0.0,102.0987,False,-0.381,-0.0014,-0.0087,-0.0,102.7081,False
1719247135.6856334,0.1589,-0.0031,-0.0048,-0.0,102.0987,False,-0.3809,0.0158,0.0041,0.0,102.7081,False
1719247135.7160628,0.1589,-0.0038,-0.0061,-0.0,102.005,False,-0.3809,0.0185,-0.0041,-0.0,102.8487,False
1719247135.7474847,0.1589,-0.0004,-0.0055,0.0,102.0519,False,-0.381,-0.0218,0.0,0.0,102.755,False
1719247135.7778497,0.1589,0.0149,-0.0136,-0.0,102.0987,False,-0.381,-0.0074,-0.0051,0.0,102.7081,False
1719247135.8088233,0.1589,-0.0038,0.0082,-0.0,102.1456,False,-0.381,0.0024,-0.0051,0.0,102.7081,False
1719247135.8399909,0.1589,0.0005,-0.0013,-0.0,102.0987,False,-0.3809,0.0009,0.0,0.0,102.8019,False
1719247135.870265,0.1589,0.0143,0.002,0.0,102.0987,False,-0.381,-0.003,0.0046,0.0,102.8019,False
1719247135.9021046,0.1589,0.0084,-0.0082,0.0,102.1456,False,-0.381,-0.0125,-0.0046,0.0,102.6612,False
1719247135.9328468,0.1588,-0.0075,0.0013,0.0,102.1456,False,-0.3809,-0.001,-0.0036,-0.0,102.7081,False
1719247135.9629853,0.1588,-0.0107,-0.0047,-0.0,102.0987,False,-0.381,-0.0129,0.0087,0.0,102.755,False
1719247135.9933414,0.1589,0.0134,-0.0068,0.0,102.0987,False,-0.3809,0.0064,-0.0051,0.0,102.8019,False
1719247136.024059,0.1589,0.0017,0.0068,0.0,102.1456,False,-0.381,-0.0084,-0.0062,0.0,102.8956,False
1719247136.0549028,0.1589,0.012,-0.0054,-0.0,102.0987,False,-0.3809,0.0038,-0.0036,-0.0,102.6144,False
1719247136.0856714,0.1588,-0.0104,0.0134,0.0,102.1456,False,-0.3809,0.0159,-0.0091,0.0,102.7081,False
1719247136.1159692,0.1589,-0.0019,-0.0027,-0.0,102.005,False,-0.381,-0.0103,-0.0087,-0.0,102.8487,False
1719247136.1466691,0.1589,0.0137,-0.0068,0.0,102.0519,False,-0.381,-0.0138,-0.0052,0.0,102.9425,False
1719247136.1772246,0.1589,-0.0035,-0.0021,0.0,102.1456,False,-0.381,-0.0113,-0.0087,-0.0,102.8487,False
1719247136.208489,0.1589,-0.0052,-0.0034,0.0,102.0519,False,-0.3809,0.0077,-0.0,0.0,102.8487,False
1719247136.2403681,0.1589,0.0039,0.0034,0.0,102.0519,False,-0.381,-0.0097,-0.0005,0.0,102.9425,False
1719247136.2706816,0.1588,-0.013,-0.0164,0.0,101.9581,False,-0.3809,0.0051,0.0138,0.0,102.8956,False
1719247136.3009517,0.1588,-0.0192,0.0,0.0,102.0987,False,-0.381,-0.0095,0.0092,0.0,102.8956,False
1719247136.3316748,0.1588,-0.0157,0.0034,0.0,102.0987,False,-0.381,-0.0007,-0.0046,0.0,102.8487,False
1719247136.3619847,0.1589,0.0023,0.0,0.0,102.0987,False,-0.3809,0.014,0.0046,0.0,102.7081,False
1719247136.3919897,0.159,0.0237,0.0068,0.0,102.1456,False,-0.381,-0.0267,0.0011,0.0,102.755,False
1719247136.423259,0.1588,-0.0029,-0.0074,-0.0,102.0987,False,-0.3809,0.0035,-0.0041,-0.0,102.8019,False
1719247136.4539685,0.1589,0.001,0.0048,0.0,102.1456,False,-0.381,-0.0133,0.0087,0.0,102.8487,False
1719247136.4838114,0.1589,0.0145,0.017,0.0,102.0519,False,-0.381,-0.0133,-0.0092,-0.0,102.8019,False
1719247136.513703,0.1588,-0.0011,-0.0034,0.0,102.0519,False,-0.381,0.0018,0.0051,0.0,102.8956,False
1719247136.5444283,0.1589,0.0076,-0.0048,-0.0,102.0519,False,-0.381,-0.0247,0.0092,0.0,102.9425,False
1719247136.574702,0.1588,-0.0134,-0.0047,-0.0,102.0519,False,-0.381,0.0058,-0.0041,-0.0,102.8956,False
1719247136.605632,0.1589,-0.007,-0.0048,-0.0,102.0519,False,-0.381,0.0009,0.0046,0.0,102.8019,False
1719247136.635941,0.1589,0.0101,-0.0034,0.0,102.0519,False,-0.3809,0.0068,0.0128,0.0,102.7081,False
1719247136.66719,0.1589,0.0186,0.0,0.0,102.0987,False,-0.3809,0.0108,-0.001,0.0,102.7081,False
1719247136.698097,0.1588,-0.0097,0.0047,0.0,102.0987,False,-0.381,-0.0098,-0.0041,-0.0,102.8019,False
1719247136.7286284,0.1589,0.0017,-0.0034,0.0,102.005,False,-0.3809,0.0079,-0.0046,0.0,102.8487,False
1719247136.7587647,0.1589,0.0105,-0.0007,-0.0,102.0519,False,-0.381,-0.0128,-0.0092,0.0,102.755,False
1719247136.7893867,0.1588,-0.0049,-0.0021,0.0,102.1925,False,-0.381,-0.0053,0.0016,0.0,102.8487,False
1719247136.8192816,0.1588,-0.0154,-0.0034,0.0,102.1925,False,-0.381,0.0012,0.0082,0.0,102.8956,False
1719247136.8495617,0.1588,-0.0039,-0.0021,0.0,102.0519,False,-0.3809,0.0135,-0.0087,-0.0,102.7081,False
