timestamp,position 1,command_position 1,velocity 1,torque 1,power 1,pressure 1,foot_contact 1,position 3,command_position 3,velocity 3,torque 3,power 3,pressure 3,foot_contact 3
1721577497.9920723,0.0737,0.0628,0.0761,0.0,0.0,100.1769,False,0.0479,0.0628,-0.0144,0.0,0.0,103.4525,False
1721577498.0251205,0.0737,0.0,0.1204,-0.0038,-0.0002,100.1769,False,0.0476,0.0,-0.1097,-0.0048,0.0008,103.6675,True
1721577498.0549996,0.0734,0.0,0.0193,-0.0046,-0.0006,100.2706,False,0.0478,0.0,-0.0084,0.0005,-0.0015,103.4525,True
1721577498.0854561,0.0735,0.0,0.0373,0.0038,-0.0,100.2706,False,0.0479,0.0,0.0224,0.0042,0.0004,103.4525,True
1721577498.1162624,0.0732,0.0,-0.0278,0.0067,0.0012,100.2237,False,0.0478,0.0,-0.0934,-0.0216,-0.0024,103.5062,True
1721577498.1472566,0.0733,0.0,-0.04,-0.0038,-0.0002,100.3175,False,0.0481,0.0,0.0189,0.0047,-0.0013,103.345,True
1721577498.1766374,0.0734,0.0,-0.0196,0.0038,0.0003,100.13,False,0.0477,0.0,-0.0566,0.0048,-0.0028,103.5062,True
1721577498.2071238,0.0733,0.0,0.0042,-0.0031,-0.0,100.2237,False,0.0486,0.0,0.157,-0.0,0.0,103.6675,True
1721577498.2385757,0.0735,0.0,0.0489,-0.0069,0.0001,100.13,False,0.0478,0.0,-0.0713,-0.0005,0.0007,103.6137,True
1721577498.2701278,0.0736,0.0,0.0936,-0.0031,-0.0003,100.13,False,0.0478,0.0,-0.0227,0.0087,0.0,103.3988,True
1721577498.300989,0.0732,0.0,-0.0476,-0.0077,-0.0007,100.3644,False,0.0478,0.0,-0.0495,0.0048,-0.0015,103.56,True
1721577498.3310645,0.0736,0.0,0.0889,-0.0031,-0.0007,100.3175,False,0.0483,0.0,0.0675,0.0172,0.0001,103.56,True
1721577498.3609302,0.0733,0.0,0.008,0.0105,0.0001,100.0831,False,0.0483,0.0,0.0865,-0.0002,0.0005,103.3988,True
1721577498.391861,0.0735,0.0,-0.0268,0.0022,-0.0001,100.0831,False,0.048,0.0,-0.0056,0.0045,-0.0001,103.56,True
1721577498.4207852,0.0736,0.0,0.0271,-0.0076,-0.001,100.2706,False,0.0479,0.0,-0.0267,0.0034,0.0015,103.4525,True
1721577498.452194,0.0735,0.0,0.0134,0.0038,0.0004,100.1769,False,0.0482,0.0,0.0495,-0.0,0.0,103.3988,True
1721577498.4818373,0.0735,0.0,0.0224,-0.0161,-0.0033,100.1769,False,0.0485,0.0,0.1302,-0.0134,0.0003,103.5062,True
1721577498.5125616,0.0734,0.0,0.0135,0.0053,0.0008,100.0831,False,0.0482,0.0,0.052,0.0038,0.0019,103.5062,True
1721577498.543076,0.0732,0.0,-0.0493,-0.0039,-0.0005,100.13,False,0.0476,0.0,-0.0912,0.0003,-0.0008,103.5062,True
1721577498.571823,0.0734,0.0,-0.0029,0.0053,0.001,100.2237,False,0.0476,0.0,-0.093,0.0042,0.0005,103.6675,True
1721577498.6034286,0.0738,0.0,0.0782,0.0046,0.0005,100.2706,False,0.0478,0.0,-0.1042,0.0045,0.0,103.3988,True
1721577498.6349127,0.0735,0.0,-0.033,0.0022,0.0002,100.2706,False,0.0482,0.0,0.0351,-0.0047,0.0005,103.2375,True
1721577498.6648636,0.0736,0.0,0.0247,-0.0091,-0.0013,100.3175,False,0.048,0.0,0.0195,-0.0,-0.0,103.56,True
1721577498.6959279,0.0733,0.0,-0.0269,0.0,0.0,100.1769,False,0.0478,0.0,-0.0448,-0.0034,0.0004,103.3988,True
1721577498.725856,0.0734,0.0,-0.0184,0.0,0.0,100.2237,False,0.0481,0.0,0.0334,0.0045,-0.0008,103.5062,True
1721577498.7558086,0.0734,0.0,-0.0242,-0.0,-0.0,100.2706,False,0.0478,0.0,-0.0159,-0.0045,0.0001,103.345,True
1721577498.7863793,0.0734,0.0,-0.0346,0.0007,0.0002,100.13,False,0.0481,0.0,0.0204,-0.0,-0.0,103.3988,True
1721577498.8158395,0.0738,0.0,0.121,-0.0084,0.0005,100.2237,False,0.0482,0.0,0.0346,-0.0089,0.0002,103.345,True
1721577498.84602,0.0734,0.0,-0.0169,0.0014,0.0004,100.2237,False,0.0481,0.0,0.0475,0.0042,0.0003,103.4525,True
1721577498.8750691,0.0733,0.0,-0.0509,-0.0007,-0.0002,100.1769,False,0.0482,0.0,0.0297,-0.0002,0.0004,103.345,True
1721577498.9069,0.0737,0.0,0.0562,-0.0069,-0.0013,100.2706,False,0.048,0.0,0.0435,0.0042,0.0003,103.6675,True
1721577498.9380984,0.0735,0.0,0.015,0.0015,0.0001,100.2706,False,0.0477,0.0,-0.0726,-0.0003,0.0005,103.5062,True
1721577498.9667876,0.0735,0.0,-0.0101,0.0084,0.0011,100.2706,False,0.0482,0.0,0.0488,0.0087,0.0,103.3988,True
1721577498.998012,0.0735,0.0,0.0403,-0.0031,-0.0004,100.3175,False,0.0481,0.0,-0.0123,0.0045,-0.0002,103.2912,True
1721577499.028194,0.0732,0.0,-0.051,0.0196,0.0001,100.2237,False,0.0482,0.0,0.0567,-0.0047,0.0003,103.5062,True
1721577499.058563,0.0733,0.0,0.0109,0.0007,0.0001,100.13,False,0.0485,0.0,0.1442,-0.0038,-0.0021,103.5062,True
1721577499.0889723,0.0734,0.0,0.0021,0.0046,0.0006,100.2706,False,0.0477,0.0,-0.0574,-0.0135,0.0006,103.5062,True
1721577499.1201572,0.0736,0.0,0.0343,-0.0061,-0.0018,100.2237,False,0.0478,0.0,0.0251,-0.0005,0.0011,103.5062,True
1721577499.1504502,0.0732,0.0,-0.0654,-0.0077,-0.0009,100.1769,False,0.0478,0.0,-0.0457,-0.0048,0.0006,103.3988,True
1721577499.1794884,0.0735,0.0,0.0505,-0.0084,-0.0011,100.2706,False,0.0479,0.0,-0.0336,-0.0,0.0,103.345,True
1721577499.2095132,0.0738,0.0,0.0842,0.0122,0.0006,99.9894,False,0.048,0.0,-0.0578,0.0087,0.0001,103.4525,True
1721577499.2395933,0.0737,0.0,0.075,-0.0099,0.0004,100.2237,False,0.0478,0.0,-0.061,0.0135,0.0003,103.5062,True
1721577499.2699184,0.0735,0.0,0.0251,0.0046,0.0008,100.13,False,0.0478,0.0,-0.0343,0.009,-0.0002,103.5062,True
1721577499.3015661,0.0731,0.0,-0.1368,0.0032,-0.0007,100.2706,False,0.0482,0.0,0.01,0.0045,-0.0004,103.4525,True
1721577499.3303258,0.0734,0.0,0.025,0.0091,0.0011,100.3175,False,0.048,0.0,0.0057,0.0045,-0.0003,103.5062,True
1721577499.3596792,0.0731,0.0,-0.1048,0.0123,0.0009,100.2237,False,0.0483,0.0,0.0378,-0.0,-0.0,103.4525,True
1721577499.3908803,0.0732,0.0,-0.0741,-0.0084,-0.0014,100.1769,False,0.0476,0.0,-0.1186,-0.0051,0.0005,103.345,True
1721577499.4207,0.0734,0.0,0.0325,-0.0046,-0.0007,100.3644,False,0.0476,0.0,-0.0672,-0.0045,-0.0001,103.2912,True
1721577499.4280052,0.0739,0.0,0.1193,0.0099,0.0008,100.1769,False,0.0479,0.0,-0.0464,0.0,0.0,103.345,True
1721577499.4521062,0.0739,0.0,0.1543,-0.003,-0.0003,100.2706,False,0.0484,0.0,0.1252,0.0002,-0.0008,103.4525,True
1721577499.4831505,0.0733,0.0,-0.0018,-0.0053,-0.0014,100.2706,False,0.0482,0.0,0.0257,-0.0045,0.0001,103.3988,True
1721577499.5119798,0.0732,0.0,-0.0623,-0.0052,-0.0011,100.2237,False,0.0483,0.0,0.0793,0.0042,0.0005,103.3988,True
1721577499.5425258,0.0732,0.0,-0.0335,-0.0046,-0.0006,100.2706,False,0.0483,0.0,0.0927,0.0007,-0.0033,103.5062,True
1721577499.5719862,0.0732,0.0,-0.0724,0.0045,0.0006,100.2706,False,0.048,0.0,0.0003,-0.0087,0.0,103.7212,True
1721577499.6019075,0.0735,0.0,0.0098,-0.0053,-0.001,100.2706,False,0.0477,0.0,-0.0928,-0.0045,0.0004,103.5062,True
1721577499.6339035,0.0735,0.0,0.0388,-0.0069,-0.0002,100.2706,False,0.0479,0.0,-0.0638,-0.0045,0.0001,103.5062,True
1721577499.664032,0.0738,0.0,0.1045,-0.0046,-0.0006,100.2706,False,0.048,0.0,0.0162,0.0,-0.0,103.0831,True
1721577499.6947694,0.0735,0.0,0.0555,0.0106,0.0008,100.2706,False,0.0478,0.0,-0.0645,0.0045,-0.0005,103.5062,True
1721577499.7236555,0.0733,0.0,-0.0527,0.0161,0.0011,100.3175,False,0.0481,0.0,0.0442,0.0045,-0.0003,103.2912,True
1721577499.7550914,0.0735,0.0,0.0555,0.0038,-0.0001,100.1769,False,0.048,0.0,0.0152,-0.0037,-0.003,103.345,True
1721577499.786668,0.0736,0.0,0.07,-0.0046,-0.0007,100.3175,False,0.0484,0.0,0.1137,0.0132,0.0008,103.345,True
1721577499.8161817,0.0733,0.0,-0.0271,-0.0021,-0.0018,100.2237,False,0.0481,0.0,0.023,-0.0042,-0.0006,103.5062,True
1721577499.8476436,0.0738,0.0,0.0752,0.0053,0.0008,100.2237,False,0.0483,0.0,0.0895,-0.0085,-0.0015,103.4525,True
1721577499.87718,0.0734,0.0,-0.0091,-0.0077,-0.001,100.3644,False,0.0481,0.0,0.0107,0.0045,-0.0003,103.5062,True
1721577499.9081006,0.0735,0.0,0.0283,0.0,0.0,100.3644,False,0.0477,0.0,-0.0605,0.0087,-0.0,103.56,True
1721577499.9384744,0.0729,0.0,-0.1443,0.0071,-0.001,100.13,False,0.0479,0.0,-0.0583,-0.005,0.0015,103.4525,True
1721577499.9678242,0.0737,0.0,0.0635,0.0053,0.0008,100.2706,False,0.0477,0.0,-0.0745,0.0003,-0.0009,103.5062,True
1721577499.998382,0.0733,0.0,0.0372,-0.0038,-0.0001,100.2706,False,0.048,0.0,0.0495,-0.0082,-0.0019,103.5062,True
1721577500.0294933,0.0735,0.0,0.0409,-0.0007,-0.0006,100.2237,False,0.0476,0.0,-0.0996,0.0003,-0.0015,103.4525,True
1721577500.0605884,0.0732,0.0,-0.0208,-0.0039,0.0002,100.2237,False,0.048,0.0,0.011,0.0003,-0.0009,103.5062,True
1721577500.0908759,0.0735,0.0,0.0142,0.0038,0.0,100.1769,False,0.048,0.0,-0.0037,-0.0042,-0.0006,103.5062,True
1721577500.120905,0.0736,0.0,0.0444,-0.0046,-0.0006,100.2237,False,0.0476,0.0,-0.1814,-0.0045,0.0003,103.3988,True
1721577500.1511428,0.0733,0.0,0.0303,0.0038,-0.0001,100.3175,False,0.048,0.0,0.0012,0.0037,0.0021,103.6675,True
1721577500.1819026,0.0732,0.0,-0.0323,0.0007,0.0004,100.2237,False,0.0479,0.0,0.0485,0.0042,0.0004,103.5062,True
1721577500.2109702,0.0734,0.0,0.0118,0.0007,0.0003,100.2237,False,0.0483,0.0,0.0583,-0.0002,0.0005,103.345,True
1721577500.241812,0.0735,0.0,0.0987,0.0029,-0.0002,100.3644,False,0.0481,0.0,0.0312,0.0005,-0.0023,103.5062,True
1721577500.2725835,0.0733,0.0,-0.02,-0.0091,-0.0014,100.2706,False,0.0481,0.0,-0.055,0.0045,-0.0,103.5062,True
1721577500.3018014,0.0732,0.0,-0.0315,0.0007,0.0003,100.3175,False,0.0479,0.0,0.0052,0.0047,-0.0013,103.2375,True
1721577500.3331914,0.0732,0.0,-0.0457,0.0,0.0,100.2706,False,0.048,0.0,-0.0161,-0.0047,0.0006,103.4525,True
1721577500.3641427,0.0733,0.0,0.0139,0.0007,0.0004,100.1769,False,0.0483,0.0,0.0589,0.0045,-0.0002,103.6137,True
1721577500.3954344,0.0738,0.0,0.1121,0.0053,0.0009,100.2237,False,0.0483,0.0,0.0711,-0.0045,0.0,103.2375,True
1721577500.4244068,0.073,0.0,-0.0756,-0.0039,0.0001,100.1769,False,0.048,0.0,-0.0837,0.0092,-0.0018,103.2912,True
1721577500.4543574,0.0732,0.0,-0.08,-0.0,0.0,100.2706,False,0.0481,0.0,0.0007,-0.0092,0.0004,103.5062,True
1721577500.4858403,0.0732,0.0,-0.0328,0.0,0.0,100.2237,False,0.048,0.0,-0.0095,-0.0045,0.0002,103.56,True
1721577500.5159483,0.0735,0.0,0.0414,0.0046,-0.0007,100.2706,False,0.0482,0.0,-0.0257,0.0092,-0.0008,103.5062,True
1721577500.5477078,0.0733,0.0,0.042,0.0031,-0.001,100.2706,False,0.0479,0.0,-0.0074,0.0037,0.0018,103.4525,True
1721577500.5774398,0.0733,0.0,-0.0327,0.0038,-0.0001,100.2706,False,0.0479,0.0,0.0135,-0.0047,0.0011,103.3988,True
1721577500.6071951,0.0732,0.0,-0.0373,0.0,0.0,100.2706,False,0.0486,0.0,0.1972,-0.0045,0.0001,103.3988,True
1721577500.6375785,0.0734,0.0,0.0225,-0.0038,-0.0001,100.2237,False,0.0481,0.0,0.0143,0.004,0.0006,103.56,True
1721577500.6674035,0.0732,0.0,-0.0362,0.0039,-0.0001,100.2706,False,0.0477,0.0,-0.0466,-0.0048,0.0005,103.345,True
1721577500.699029,0.0732,0.0,-0.0072,-0.0053,-0.0011,100.2706,False,0.0484,0.0,0.1015,-0.004,-0.0016,103.56,True
1721577500.7297716,0.0732,0.0,-0.0875,0.0059,0.0003,100.1769,False,0.0481,0.0,-0.0002,-0.0002,0.0007,103.56,True
1721577500.7603097,0.0732,0.0,-0.0511,0.0046,0.0002,100.3644,False,0.048,0.0,-0.0177,-0.005,0.0012,103.3988,True
1721577500.7895496,0.0733,0.0,-0.012,0.0031,-0.0005,100.3644,False,0.0476,0.0,-0.1459,-0.0036,-0.0035,103.5062,True
1721577500.8204553,0.0734,0.0,0.044,0.0084,0.0003,100.3175,False,0.0482,0.0,0.0631,-0.0038,-0.0035,103.2912,True
1721577500.8491628,0.0731,0.0,-0.1115,0.0091,0.0003,100.2237,False,0.048,0.0,0.0208,0.0045,-0.0004,103.4525,True
1721577500.8811235,0.0734,0.0,-0.002,-0.0,-0.0,100.4112,False,0.0476,0.0,-0.0639,-0.0081,-0.0022,103.4525,True
1721577500.9107122,0.0732,0.0,-0.0319,0.0,0.0,100.3175,False,0.048,0.0,0.0452,0.0087,-0.0007,103.2375,True
1721577500.9403515,0.0733,0.0,0.0019,0.0007,0.0003,100.2706,False,0.048,0.0,0.0238,0.0,0.0,103.6137,True
1721577500.9712765,0.0734,0.0,-0.0576,0.0046,0.0005,100.2237,False,0.0482,0.0,0.1023,0.0,0.0,103.3988,True
1721577501.0012987,0.0735,0.0,-0.0089,-0.0038,-0.0003,100.2237,False,0.048,0.0,0.0635,0.0042,0.0003,103.4525,True
1721577501.0330586,0.0734,0.0,0.0177,0.0038,-0.0001,100.1769,False,0.0475,0.0,-0.1426,0.0126,0.0009,103.3988,True
1721577501.0639994,0.0732,0.0,-0.0297,-0.0052,-0.0012,100.1769,False,0.0481,0.0,0.0065,-0.0047,0.0007,103.345,True
1721577501.0938606,0.0732,0.0,-0.0641,-0.0084,-0.0007,100.2706,False,0.0478,0.0,-0.0213,-0.009,0.0004,103.56,True
1721577501.124976,0.0732,0.0,-0.0685,-0.0032,-0.0001,100.2706,False,0.0481,0.0,0.0432,0.0087,-0.0002,103.5062,True
1721577501.1547666,0.0732,0.0,-0.0015,0.0014,0.0005,100.3644,False,0.0482,0.0,0.0518,-0.005,0.0009,103.3988,True
1721577501.1850984,0.0736,0.0,0.0566,-0.0077,-0.0008,100.2706,False,0.0482,0.0,0.0345,-0.0047,0.0007,103.2912,True
1721577501.2149873,0.0733,0.0,0.0197,-0.0115,-0.0009,100.1769,False,0.0481,0.0,0.0186,-0.0042,-0.0007,103.5062,True
1721577501.2442136,0.0734,0.0,-0.0239,-0.0007,-0.0005,100.2237,False,0.048,0.0,-0.0121,-0.0042,-0.0007,103.3988,True
1721577501.273939,0.0733,0.0,0.0134,0.0,0.0,100.3175,False,0.0479,0.0,-0.0174,0.009,-0.0006,103.5062,True
1721577501.3041852,0.0733,0.0,0.0,-0.013,-0.0013,100.2237,False,0.0477,0.0,-0.0988,-0.0042,-0.0005,103.5062,True
1721577501.335061,0.0733,0.0,0.0013,-0.0038,-0.0004,100.2706,False,0.0485,0.0,0.1339,-0.0174,-0.001,103.5062,True
1721577501.3651378,0.0733,0.0,0.0209,0.0053,0.0007,100.2706,False,0.0481,0.0,0.0792,0.009,-0.0009,103.56,True
1721577501.3940516,0.0734,0.0,0.0006,0.0048,-0.0006,100.2706,False,0.048,0.0,-0.0398,-0.0084,-0.0018,103.56,True
1721577501.426399,0.0733,0.0,-0.0033,-0.0,-0.0,100.2237,False,0.0481,0.0,0.0742,0.0045,-0.0004,103.5062,True
1721577501.4560862,0.0734,0.0,0.0107,-0.0053,-0.0013,100.3644,False,0.0482,0.0,0.1072,-0.0,0.0,103.6137,True
1721577501.4873471,0.0735,0.0,0.0629,0.0,0.0,100.3175,False,0.048,0.0,0.0206,0.0045,-0.0002,103.345,True
1721577501.5171423,0.0733,0.0,-0.0209,0.0031,-0.0005,100.2706,False,0.0476,0.0,-0.1315,0.0045,-0.0004,103.56,True
1721577501.5487888,0.0733,0.0,-0.0152,-0.0038,-0.0004,100.2237,False,0.0478,0.0,-0.017,-0.0039,-0.0012,103.345,True
1721577501.5790603,0.0736,0.0,0.0688,0.0038,-0.0005,100.3175,False,0.0479,0.0,-0.0127,0.004,0.0006,103.4525,True
1721577501.608833,0.0735,0.0,0.0629,0.0084,-0.003,100.3175,False,0.0482,0.0,0.0616,-0.0002,0.0006,103.4525,True
1721577501.6394186,0.0737,0.0,0.0976,0.0107,-0.001,100.2706,False,0.0485,0.0,0.1392,-0.0043,-0.0003,103.5062,True
1721577501.6703837,0.0732,0.0,-0.0693,0.0116,-0.0002,100.2706,False,0.0477,0.0,-0.0839,-0.009,0.0003,103.5062,True
1721577501.699396,0.0732,0.0,-0.0293,-0.0021,-0.0022,100.3175,False,0.048,0.0,-0.0007,0.0002,-0.0008,103.3988,True
1721577501.7300794,0.0732,0.0,-0.0546,0.0007,0.0005,100.3175,False,0.0478,0.0,-0.0182,-0.0087,-0.0006,103.56,True
1721577501.7604256,0.0732,0.0,-0.0277,0.0038,0.0,100.3175,False,0.0483,0.0,0.0922,0.0132,-0.0008,103.4525,True
1721577501.7891862,0.0734,0.0,0.0146,-0.0,-0.0,100.2237,False,0.048,0.0,0.0015,-0.0129,-0.0006,103.4525,True
1721577501.820425,0.0735,0.0,0.0383,-0.0122,-0.0015,100.3644,False,0.048,0.0,0.0222,-0.0042,-0.0005,103.4525,True
1721577501.851302,0.0736,0.0,0.0297,-0.0007,-0.0006,100.4581,False,0.0477,0.0,-0.0676,0.0042,-0.0004,103.2912,True
1721577501.8818998,0.0731,0.0,-0.0938,0.0084,0.0002,100.2237,False,0.048,0.0,0.0593,-0.0087,-0.0006,103.345,True
1721577501.913396,0.0735,0.0,0.0625,-0.0084,-0.0008,100.3175,False,0.0479,0.0,-0.0075,-0.0045,0.0003,103.3988,True
1721577501.9433095,0.0732,0.0,-0.033,0.0109,-0.0009,100.3175,False,0.0479,0.0,0.0168,-0.0045,0.0002,103.5062,True
1721577501.9746287,0.0733,0.0,-0.038,-0.0038,-0.0005,100.2237,False,0.048,0.0,-0.0129,0.0005,-0.0018,103.6675,True
1721577502.005102,0.0732,0.0,-0.062,0.0045,0.0004,100.2237,False,0.0477,0.0,-0.0789,-0.0129,-0.0,103.2912,True
1721577502.035337,0.0732,0.0,-0.0418,0.0039,-0.0001,100.1769,False,0.0481,0.0,0.0148,0.0005,-0.0014,103.5062,True
1721577502.065292,0.0734,0.0,-0.0095,0.0,0.0,100.2237,False,0.0479,0.0,0.0388,0.0132,-0.0004,103.4525,True
1721577502.095561,0.0732,0.0,-0.0419,0.0045,0.0004,100.3644,False,0.0479,0.0,-0.0268,0.0129,-0.0002,103.5062,True
1721577502.1255205,0.0732,0.0,-0.0798,0.0,-0.0007,100.2237,False,0.0478,0.0,-0.0543,0.005,-0.0022,103.4525,True
1721577502.1553197,0.0733,0.0,-0.0047,-0.0031,-0.0001,100.2706,False,0.0481,0.0,-0.0141,-0.0042,-0.0006,103.3988,True
1721577502.1852016,0.0734,0.0,0.027,-0.0007,-0.0004,100.3175,False,0.0478,0.0,-0.0777,0.009,-0.0004,103.56,True
1721577502.2152479,0.0737,0.0,0.0888,0.0046,0.0004,100.3175,False,0.0478,0.0,-0.0323,-0.0,0.0,103.4525,True
1721577502.2448268,0.0732,0.0,-0.0194,0.0014,0.0005,100.2706,False,0.0477,0.0,-0.1049,0.0045,-0.0001,103.2375,True
1721577502.2765796,0.0734,0.0,0.0016,0.0,0.0,100.2237,False,0.0485,0.0,0.0709,0.0132,0.0002,103.2375,True
1721577502.3069212,0.0734,0.0,0.0246,0.0077,0.0003,100.3175,False,0.048,0.0,-0.0039,-0.0045,-0.0002,103.2375,True
1721577502.3361862,0.0732,0.0,-0.0638,0.0084,0.0006,100.3644,False,0.048,0.0,-0.0172,-0.0,0.0,103.4525,True
1721577502.3673346,0.0735,0.0,0.0427,0.0024,-0.0008,100.3644,False,0.0477,0.0,-0.1112,0.0087,-0.0001,103.2375,True
1721577502.3980792,0.0731,0.0,-0.1158,-0.0123,-0.0005,100.2237,False,0.0483,0.0,0.0573,0.0049,-0.0018,103.345,True
1721577502.428432,0.0734,0.0,-0.0002,-0.0031,-0.0003,100.3175,False,0.0476,0.0,-0.1735,0.0003,-0.0006,103.4525,True
1721577502.4582295,0.0737,0.0,0.0835,-0.013,0.0,100.3175,False,0.0483,0.0,0.0617,-0.0002,0.0004,103.3988,True
1721577502.4900246,0.0735,0.0,0.0121,-0.0007,-0.0005,100.3175,False,0.0482,0.0,0.0572,-0.0002,-0.0021,103.6675,True
1721577502.520397,0.0735,0.0,0.0285,0.0015,0.0005,100.3175,False,0.0484,0.0,0.0997,0.0002,-0.0001,103.1837,True
1721577502.5510967,0.0735,0.0,0.0577,0.0046,0.0005,100.3175,False,0.0476,0.0,-0.0944,-0.0087,-0.0008,103.4525,True
1721577502.5818515,0.0734,0.0,0.0346,0.0084,0.0,100.4581,False,0.0484,0.0,0.1061,-0.0045,-0.0001,103.5062,True
1721577502.612219,0.073,0.0,-0.1132,0.0039,-0.0001,100.1769,False,0.0483,0.0,0.0783,-0.0042,-0.0006,103.2912,True
1721577502.6419604,0.0735,0.0,0.1187,-0.0007,-0.0006,100.2237,False,0.0477,0.0,-0.0878,-0.0003,0.0004,103.345,True
1721577502.6733665,0.0735,0.0,0.0178,-0.0007,-0.0006,100.2237,False,0.0478,0.0,-0.0277,0.0048,-0.0009,103.6137,True
1721577502.7040195,0.0733,0.0,-0.0365,0.0091,0.0008,100.3175,False,0.048,0.0,0.0548,-0.004,-0.0015,103.5062,True
1721577502.734867,0.0737,0.0,0.0758,-0.0015,-0.0016,100.2237,False,0.0482,0.0,0.0307,0.0042,0.0004,103.4525,True
1721577502.764731,0.0736,0.0,0.0517,0.0099,0.0009,100.2237,False,0.0484,0.0,0.0945,0.0127,0.0008,103.5062,True
1721577502.772018,0.0733,0.0,-0.0532,-0.0014,-0.0011,100.3175,False,0.048,0.0,-0.0118,-0.0003,0.0004,103.5062,True
1721577502.7956953,0.0731,0.0,-0.0949,-0.0045,-0.0005,100.3644,False,0.0479,0.0,-0.0508,-0.0042,0.0005,103.5062,True
1721577502.825988,0.0734,0.0,0.0152,0.0,0.0,100.2706,False,0.0479,0.0,-0.0566,-0.0042,-0.0007,103.5062,True
1721577502.856018,0.0732,0.0,-0.02,-0.0014,0.0001,100.2237,False,0.0484,0.0,0.0725,0.0083,0.0008,103.5062,True
1721577502.8862965,0.0735,0.0,0.0618,0.0137,0.001,100.2706,False,0.0479,0.0,-0.0295,-0.0003,0.0005,103.4525,True
1721577502.917654,0.0735,0.0,0.03,-0.0122,-0.0019,100.3644,False,0.0481,0.0,0.0421,-0.0132,0.0007,103.3988,True
1721577502.9472206,0.0735,0.0,0.0038,0.0007,0.0001,100.2706,False,0.0479,0.0,-0.0254,-0.0042,-0.0007,103.5062,True
1721577502.976049,0.0736,0.0,0.03,0.0031,-0.0002,100.2706,False,0.0486,0.0,0.137,0.0045,-0.0001,103.5062,True
1721577503.0079105,0.0733,0.0,-0.0079,-0.0046,0.0002,100.3175,False,0.0484,0.0,0.097,0.0002,-0.0008,103.6675,True
1721577503.0377882,0.0736,0.0,0.0557,-0.0046,-0.0008,100.2237,False,0.0479,0.0,-0.0143,-0.0087,-0.0008,103.3988,True
1721577503.0671582,0.0733,0.0,-0.0067,0.0098,0.0007,100.1769,False,0.0478,0.0,-0.0791,-0.0039,-0.0013,103.6137,True
1721577503.0967915,0.0733,0.0,0.0246,-0.0031,0.0,100.4581,False,0.0481,0.0,0.0496,-0.0087,-0.0003,103.4525,True
1721577503.12759,0.0734,0.0,0.0526,-0.0084,-0.0009,100.3175,False,0.048,0.0,0.041,0.0174,-0.0011,103.4525,True
1721577503.1572452,0.0732,0.0,-0.0119,-0.0014,-0.0016,100.3175,False,0.0481,0.0,0.0013,0.0045,-0.0004,103.3988,True
1721577503.1878273,0.0733,0.0,0.0097,-0.006,-0.0004,100.2706,False,0.0476,0.0,-0.1373,0.0039,0.0007,103.5062,True
1721577503.2183492,0.0732,0.0,0.0096,0.0007,0.0002,100.2706,False,0.0476,0.0,-0.0719,-0.0,-0.0,103.2912,True
1721577503.2484345,0.0735,0.0,0.0235,-0.0046,-0.0027,100.3175,False,0.0476,0.0,-0.1072,-0.0,-0.0,103.6675,True
1721577503.280458,0.074,0.0,0.1523,0.0068,0.0001,100.3175,False,0.0485,0.0,0.0886,-0.0045,0.0,103.4525,True
1721577503.3103871,0.0732,0.0,-0.0126,0.0032,-0.0006,100.3644,False,0.0478,0.0,-0.0649,-0.0048,0.0003,103.56,True
1721577503.3420286,0.0734,0.0,-0.0235,-0.0024,0.0001,100.3175,False,0.048,0.0,0.005,0.0,0.0,103.56,True
1721577503.3731241,0.0733,0.0,-0.0044,0.0038,-0.0005,100.2706,False,0.0479,0.0,-0.0076,-0.0042,-0.0005,103.7212,True
1721577503.4041529,0.0731,0.0,-0.0452,-0.0032,0.0,100.2706,False,0.0481,0.0,0.0222,-0.0,0.0,103.4525,True
1721577503.4339452,0.0735,0.0,0.03,0.0022,0.0003,100.2706,False,0.0479,0.0,-0.013,-0.0003,0.0005,103.3988,True
1721577503.4642067,0.0735,0.0,0.0367,0.0007,0.0003,100.3644,False,0.0476,0.0,-0.1361,-0.0003,0.0005,103.6137,True
1721577503.4951525,0.0735,0.0,0.0314,0.0077,0.0003,100.2237,False,0.0481,0.0,0.0612,0.0129,-0.0004,103.345,True
1721577503.524103,0.0733,0.0,-0.0505,0.0046,0.0005,100.2237,False,0.0483,0.0,0.0743,-0.0127,-0.0022,103.4525,True
1721577503.5550098,0.0733,0.0,-0.0197,0.0091,0.0005,100.2706,False,0.0481,0.0,-0.0113,0.0042,0.0003,103.4525,True
1721577503.5871465,0.0733,0.0,-0.0416,0.006,0.0005,100.3644,False,0.0478,0.0,-0.0448,-0.0,0.0,103.5062,True
1721577503.6174278,0.0733,0.0,-0.0653,-0.0091,-0.0017,100.2237,False,0.048,0.0,0.0247,-0.004,0.0005,103.5062,True
1721577503.647198,0.0732,0.0,-0.0486,-0.0007,-0.0004,100.1769,False,0.0479,0.0,-0.0234,-0.0132,-0.0003,103.5062,True
1721577503.6778421,0.0732,0.0,-0.0524,-0.0052,-0.0013,100.2237,False,0.0481,0.0,0.0646,0.0134,-0.0017,103.4525,True
1721577503.7081182,0.0732,0.0,-0.0201,-0.0077,-0.0004,100.3175,False,0.0479,0.0,-0.024,-0.0087,-0.0001,103.4525,True
1721577503.7374027,0.0733,0.0,-0.0483,-0.0024,0.0,100.3175,False,0.0478,0.0,-0.0006,-0.0039,-0.001,103.2912,True
1721577503.7676342,0.0733,0.0,0.0486,0.0053,0.0007,100.1769,False,0.0478,0.0,-0.1061,0.0042,0.0003,103.6137,True
1721577503.7985978,0.0734,0.0,0.0122,-0.0077,-0.0005,100.2706,False,0.048,0.0,0.0368,-0.0042,-0.0006,103.3988,True
1721577503.8305073,0.0732,0.0,-0.0089,0.0007,0.0002,100.3644,False,0.0479,0.0,-0.0759,-0.0087,0.0006,103.5062,True
1721577503.861089,0.0732,0.0,-0.0274,0.0091,0.0004,100.4112,False,0.0479,0.0,0.007,0.0087,0.0003,103.345,True
1721577503.8906944,0.0734,0.0,0.0463,0.0122,0.0011,100.3644,False,0.0479,0.0,-0.0079,-0.0129,-0.0017,103.5062,True
1721577503.921509,0.0731,0.0,-0.1216,-0.0039,-0.0006,100.3175,False,0.048,0.0,-0.0315,0.009,-0.0008,103.5062,True
1721577503.952373,0.0736,0.0,0.0556,0.0015,0.0005,100.2706,False,0.0477,0.0,-0.0503,-0.0087,-0.0,103.5062,True
1721577503.9827747,0.0735,0.0,0.0514,0.0038,-0.0,100.3175,False,0.0476,0.0,-0.0973,-0.0051,0.0005,103.345,True
1721577504.0115395,0.0732,0.0,-0.0331,0.0046,0.0006,100.2237,False,0.0482,0.0,0.0727,0.0002,-0.0006,103.4525,True
1721577504.0423386,0.0734,0.0,0.0055,-0.0038,-0.0002,100.3644,False,0.0482,0.0,0.0627,-0.0002,-0.0006,103.2912,True
1721577504.0717628,0.0737,0.0,0.0618,0.0031,-0.0008,100.2237,False,0.0479,0.0,-0.0563,0.0092,-0.0016,103.345,True
1721577504.1018362,0.0734,0.0,0.0088,-0.0053,-0.0012,100.2706,False,0.0478,0.0,-0.0421,0.0048,-0.0009,103.56,True
1721577504.1320074,0.073,0.0,-0.1173,-0.0007,-0.0004,100.2706,False,0.048,0.0,0.0565,-0.009,0.0001,103.3988,True
1721577504.1619687,0.0734,0.0,0.0625,0.0017,-0.0028,100.3175,False,0.0478,0.0,-0.0958,0.0045,0.0003,103.1837,True
1721577504.1920948,0.0735,0.0,0.0266,-0.0038,-0.0004,100.4112,False,0.0478,0.0,-0.0541,-0.0048,-0.0006,103.4525,True
1721577504.2222836,0.0733,0.0,-0.0331,-0.0046,-0.0007,100.2237,False,0.0481,0.0,-0.0317,0.0085,0.0003,103.56,True
1721577504.2534394,0.0734,0.0,0.0102,0.007,0.0,100.2706,False,0.048,0.0,0.0274,0.0082,0.0007,103.2375,True
1721577504.2837372,0.0731,0.0,-0.0849,0.0007,0.0002,100.4112,False,0.0479,0.0,-0.0877,0.0174,-0.0007,103.56,True
1721577504.3137798,0.0732,0.0,-0.0429,0.0077,0.0006,100.4112,False,0.0479,0.0,0.0238,-0.0005,0.0011,103.3988,True
1721577504.3418877,0.0732,0.0,-0.0869,0.0084,0.0008,100.2706,False,0.048,0.0,0.0376,0.0005,-0.0018,103.5062,True
1721577504.373592,0.0734,0.0,0.0264,0.0007,0.0003,100.3175,False,0.0481,0.0,0.0019,-0.0002,0.0005,103.56,True
1721577504.4034767,0.0735,0.0,0.0417,0.006,0.0001,100.3175,False,0.0477,0.0,-0.0802,-0.0084,-0.0012,103.6137,True
1721577504.433881,0.0732,0.0,-0.0692,-0.0077,-0.0009,100.4112,False,0.0483,0.0,-0.0089,0.004,0.0008,103.6137,True
1721577504.4657924,0.0734,0.0,-0.0007,-0.0077,-0.0025,100.4112,False,0.0477,0.0,-0.0535,0.0045,-0.0003,103.1837,True
1721577504.4969292,0.0734,0.0,-0.0076,0.0,0.0,100.3175,False,0.0476,0.0,-0.0762,0.0,-0.0,103.0362,True
1721577504.525265,0.0739,0.0,0.0438,-0.003,-0.0007,100.3644,False,0.0473,0.0,-0.0405,0.0045,-0.0002,102.4269,True
1721577504.5541754,0.0742,0.0,0.0434,0.0084,0.0005,100.3644,False,0.045,0.0,-0.2241,0.0,-0.0,102.1925,True
1721577504.5851433,0.075,0.0,0.043,-0.0073,-0.0011,100.2237,False,0.0397,0.0,-0.3804,0.0011,-0.0007,102.0519,True
1721577504.6154711,0.0751,0.0,-0.0075,-0.012,-0.0015,100.3175,False,-0.0324,0.0,-2.6323,0.005,-0.0035,101.9112,True
1721577504.6479418,0.076,0.0628,0.0276,0.0058,0.0005,100.3175,False,-0.0825,0.0628,-0.3678,-0.0033,-0.0002,101.7237,False
1721577504.6780758,0.0764,0.0628,0.0828,-0.0083,-0.001,100.3644,False,-0.0784,0.0628,0.0872,0.003,0.0001,101.9581,False
1721577504.7094016,0.0763,0.0628,-0.0451,0.0058,-0.0005,100.3644,False,-0.0793,0.0628,0.0047,-0.0081,-0.0003,101.7237,False
1721577504.739833,0.0765,0.0628,0.0636,-0.0023,-0.0009,100.3644,False,-0.0798,0.0628,-0.0563,0.0081,-0.0007,101.9112,False
1721577504.7701936,0.0764,0.0628,0.0329,-0.0024,-0.0001,100.3644,False,-0.079,0.0628,0.1412,-0.0061,-0.0007,101.8175,False
1721577504.800918,0.0761,0.0628,-0.0421,-0.0047,-0.0006,100.2237,False,-0.0798,0.0628,0.0014,-0.0,-0.0,101.8175,False
1721577504.8310401,0.0763,0.0628,-0.0168,-0.0047,-0.0006,100.3644,False,-0.0798,0.0628,-0.0033,-0.0038,0.001,101.63,False
1721577504.8594062,0.0761,0.0628,-0.0679,0.0094,0.0005,100.4112,False,-0.0798,0.0628,0.0083,0.01,-0.0017,101.8175,False
1721577504.8931177,0.0766,0.0628,0.0772,-0.0023,-0.001,100.3644,False,-0.0801,0.0628,-0.0811,0.0063,0.0004,101.63,False
1721577504.9234633,0.0763,0.0628,-0.0061,0.0011,0.0003,100.3175,False,-0.08,0.0628,-0.1057,-0.0087,0.0007,101.9112,False
1721577504.9533236,0.0767,0.0628,0.0649,-0.0035,-0.0003,100.2706,False,-0.08,0.0628,-0.085,0.0019,-0.001,101.7237,False
1721577504.9835753,0.0766,0.0628,-0.0407,-0.0118,-0.0019,100.3175,False,-0.0793,0.0628,0.0803,-0.0039,0.0013,101.8175,False
1721577505.0134504,0.0768,0.0628,0.0284,0.0,0.0,100.4112,False,-0.0798,0.0628,-0.1247,-0.0006,0.0006,101.7706,False
1721577505.0459354,0.0767,0.0628,0.0551,0.0082,0.0003,100.3644,False,-0.0795,0.0628,0.0171,0.0081,-0.0006,101.8175,False
1721577505.075131,0.077,0.0628,0.0539,0.0024,-0.0,100.4112,False,-0.0792,0.0628,0.0317,0.0088,-0.0022,101.7706,False
1721577505.1050274,0.0762,0.0628,-0.0944,-0.0047,-0.0007,100.3644,False,-0.0793,0.0628,0.0786,-0.0011,-0.001,101.8175,False
1721577505.1385753,0.0764,0.0628,-0.0602,0.0047,0.0003,100.3175,False,-0.0795,0.0628,0.0187,-0.0,0.0,101.7706,False
1721577505.1670544,0.0766,0.0628,0.0211,-0.0024,0.0,100.4581,False,-0.0795,0.0628,0.0322,-0.0019,0.0005,101.8644,False
1721577505.1979117,0.0771,0.0628,0.1284,-0.0059,0.0005,100.3644,False,-0.0793,0.0628,0.0397,0.0111,-0.0005,101.7237,False
1721577505.227145,0.0764,0.0628,-0.0104,-0.0024,-0.0,100.3175,False,-0.0795,0.0628,0.0111,-0.0043,-0.0011,101.6769,False
1721577505.2589917,0.0765,0.0628,-0.0235,-0.0071,-0.0014,100.3644,False,-0.0793,0.0628,0.1144,0.01,-0.001,101.6769,False
1721577505.288664,0.0769,0.0628,0.0819,-0.0118,-0.0007,100.3175,False,-0.0797,0.0628,-0.0717,-0.0019,-0.0006,101.7706,False
1721577505.3187804,0.0763,0.0628,-0.1005,0.0058,0.0003,100.4581,False,-0.0797,0.0628,-0.0194,-0.0031,-0.0003,101.8644,False
1721577505.3501983,0.0768,0.0628,0.0342,-0.0012,-0.0004,100.3644,False,-0.0793,0.0628,0.103,0.0061,-0.0002,101.8644,False
1721577505.380753,0.0768,0.0628,0.0936,0.0071,0.0004,100.3644,False,-0.0795,0.0628,0.0304,-0.0069,0.0008,101.6769,False
1721577505.408631,0.0764,0.0628,-0.0141,-0.0011,-0.0005,100.2706,False,-0.0795,0.0628,0.0122,-0.005,0.0004,101.8644,False
1721577505.4396665,0.0764,0.0628,-0.0206,0.0105,0.0006,100.3644,False,-0.0799,0.0628,-0.0599,-0.005,0.0004,101.8644,False
1721577505.4705508,0.0766,0.0628,-0.0015,-0.0012,-0.0001,100.3175,False,-0.0798,0.0628,-0.0519,0.01,-0.0005,101.63,False
1721577505.5010393,0.0769,0.0628,0.0648,-0.0,-0.0,100.3175,False,-0.0794,0.0628,0.1042,0.01,-0.0011,101.7706,False
1721577505.5300362,0.0764,0.0628,-0.0446,0.0047,0.0003,100.3644,False,-0.0795,0.0628,0.0714,0.0088,-0.0027,101.63,False
1721577505.5621955,0.0767,0.0628,0.0909,0.0035,-0.0001,100.2706,False,-0.0799,0.0628,0.0105,-0.0,0.0,101.6769,False
1721577505.593003,0.0764,0.0628,-0.0404,0.0036,-0.0002,100.3175,False,-0.0798,0.0628,0.012,0.0131,-0.0016,101.8644,False
1721577505.622087,0.0761,0.0628,-0.1013,-0.0025,0.0001,100.4112,False,-0.0799,0.0628,-0.0046,0.0162,0.0,101.5362,False
1721577505.6524026,0.0762,0.0628,-0.0417,-0.0013,0.0005,100.1769,False,-0.0801,0.0628,-0.0339,-0.0,0.0,101.6769,False
1721577505.683963,0.0767,0.0628,0.0275,-0.0082,-0.0003,100.4112,False,-0.08,0.0628,-0.0352,-0.0125,-0.0015,101.7237,False
1721577505.7146199,0.0767,0.0628,0.0,-0.0047,-0.0005,100.4112,False,-0.0798,0.0628,0.0548,-0.0019,0.0003,101.63,False
1721577505.7455063,0.0767,0.0628,0.0645,0.0035,0.0,100.3175,False,-0.0799,0.0628,0.0349,0.0019,-0.0,101.6769,False
1721577505.7751021,0.0762,0.0628,-0.091,-0.0036,-0.0001,100.2706,False,-0.0801,0.0628,-0.0228,-0.0,0.0009,101.7706,False
1721577505.8069293,0.0766,0.0628,0.031,-0.0035,-0.0001,100.505,False,-0.0797,0.0628,0.1015,0.0031,-0.0,101.8644,False
1721577505.8376484,0.0768,0.0628,0.0579,0.0094,-0.0022,100.4112,False,-0.08,0.0628,-0.0148,-0.0063,-0.0005,101.63,False
1721577505.8672793,0.077,0.0628,0.1348,-0.0035,-0.0,100.3175,False,-0.0799,0.0628,-0.0097,-0.0069,-0.001,101.8175,False
1721577505.8972807,0.0767,0.0628,0.066,0.0,-0.0004,100.2706,False,-0.0798,0.0628,0.0259,0.0081,-0.0004,101.6769,False
1721577505.9287953,0.0771,0.0628,0.08,0.0035,0.0001,100.3644,False,-0.08,0.0628,-0.0482,-0.0062,-0.0013,101.4894,False
1721577505.956202,0.0764,0.0628,-0.0483,-0.0058,-0.0011,100.3175,False,-0.0798,0.0628,0.0136,0.0031,0.0002,101.7237,False
1721577505.988047,0.0768,0.0628,0.0579,-0.0024,-0.0,100.4112,False,-0.0799,0.0628,-0.0618,0.005,-0.0006,101.7237,False
1721577506.019957,0.0766,0.0628,0.0142,0.0047,0.0003,100.3644,False,-0.08,0.0628,-0.021,0.0019,0.0006,101.8644,False
1721577506.0505486,0.0761,0.0628,-0.0746,-0.0094,-0.001,100.2706,False,-0.0804,0.0628,-0.1057,-0.0104,-0.003,101.7237,False
1721577506.0796502,0.0765,0.0628,0.0283,-0.0071,-0.0008,100.3175,False,-0.08,0.0628,-0.0701,0.0013,0.0006,101.5831,False
1721577506.109153,0.0763,0.0628,-0.1112,-0.0036,-0.0004,100.2706,False,-0.0801,0.0628,-0.0138,-0.0013,-0.0014,101.7706,False
1721577506.140739,0.0766,0.0628,-0.011,-0.0141,-0.0024,100.3175,False,-0.0802,0.0628,-0.0654,-0.0113,-0.0003,101.6769,False
1721577506.170482,0.0764,0.0628,-0.0465,-0.0036,-0.0003,100.3175,False,-0.0801,0.0628,-0.049,-0.0013,-0.0032,101.5831,False
1721577506.200813,0.0766,0.0628,0.0135,0.0012,0.0008,100.4112,False,-0.0801,0.0628,-0.0576,0.0063,0.0004,101.63,False
1721577506.2304554,0.0766,0.0628,-0.0261,-0.0023,-0.0008,100.4112,False,-0.0797,0.0628,0.0343,-0.0088,0.0013,101.6769,False
1721577506.2591941,0.0764,0.0628,-0.013,0.0023,0.0005,100.3644,False,-0.0796,0.0628,0.0492,-0.0069,0.0008,101.63,False
1721577506.2902253,0.0766,0.0628,0.0175,0.0047,0.0005,100.3175,False,-0.0801,0.0628,-0.0188,-0.0019,0.0004,101.5362,False
1721577506.3214943,0.0765,0.0628,0.0073,0.0013,-0.0003,100.3644,False,-0.0795,0.0628,0.1032,0.0062,-0.0003,101.7237,False
1721577506.3511968,0.0768,0.0628,0.0996,0.0047,0.0004,100.3644,False,-0.0799,0.0628,0.0236,0.0037,-0.0016,101.7706,False
1721577506.3805516,0.0764,0.0628,-0.0565,0.0,0.0,100.3175,False,-0.08,0.0628,-0.0088,-0.0068,0.0007,101.6769,False
1721577506.4118948,0.0766,0.0628,-0.0003,-0.0035,-0.0005,100.4581,False,-0.0797,0.0628,0.025,-0.0112,-0.0009,101.5831,False
1721577506.4401827,0.0766,0.0628,-0.0024,0.0,0.0008,100.4581,False,-0.0802,0.0628,-0.1111,-0.0013,-0.0013,101.7237,False
1721577506.4710956,0.0763,0.0628,-0.0585,0.0036,0.0001,100.3644,False,-0.0794,0.0628,0.1251,0.0038,-0.0016,101.63,False
1721577506.5020678,0.077,0.0628,0.1421,0.0082,0.0007,100.4112,False,-0.0798,0.0628,-0.0305,0.0031,-0.0001,101.5831,False
1721577506.53292,0.0762,0.0628,-0.0516,-0.013,-0.0023,100.3175,False,-0.08,0.0628,0.0014,-0.0013,-0.0004,101.63,False
1721577506.5621417,0.0762,0.0628,-0.0822,-0.0013,-0.0005,100.2237,False,-0.0795,0.0628,0.0002,0.0031,0.0002,101.63,False
1721577506.5933883,0.0762,0.0628,-0.0861,0.0036,0.0003,100.4112,False,-0.079,0.0628,0.0535,-0.003,-0.0003,101.5831,False
1721577506.6240091,0.0771,0.0628,0.1506,0.0036,0.0006,100.3175,False,-0.0791,0.0628,0.0133,-0.0011,-0.0013,101.5831,False
1721577506.6550949,0.0769,0.0628,0.0134,0.0094,0.0004,100.4112,False,-0.0793,0.0628,0.0533,-0.005,0.0003,101.7237,False
1721577506.6641977,0.0767,0.0628,-0.0087,0.0035,0.0,100.4581,False,-0.0792,0.0628,0.0573,0.0039,-0.0013,101.63,False
1721577506.7011213,0.0772,0.0628,0.0094,-0.0047,-0.0006,100.4581,False,-0.0801,0.0628,-0.1261,-0.0068,0.0007,101.5831,False
1721577506.7323248,0.0768,0.0628,-0.1149,0.0094,0.0007,100.4112,False,-0.0796,0.0628,-0.0385,0.01,-0.0011,101.63,False
1721577506.763006,0.0726,0.0628,-0.5174,-0.0084,0.0002,100.2706,False,-0.0764,0.0628,0.4105,-0.0072,0.0,103.7212,False
1721577506.790101,0.073,0.0,0.1543,-0.0032,-0.0003,100.3175,False,-0.0464,0.0,2.5884,-0.0042,-0.0023,104.7962,True
1721577506.8204713,0.069,0.0,-0.1293,-0.0085,-0.0009,100.4112,False,0.0705,0.0,3.3387,-0.0,0.0,105.495,True
1721577506.8496041,0.0364,0.0,-2.8388,0.0009,0.0027,100.2237,False,0.1398,0.0,0.9943,0.0096,0.0026,106.0863,True
1721577506.8806355,-0.0683,0.0,-2.8852,-0.0033,0.0027,102.2394,False,0.204,0.0,2.7719,-0.0,-0.0,106.4088,True
1721577506.9115286,-0.0985,0.0,0.6406,-0.0064,-0.0012,103.99,True,0.351,-12.5664,5.3291,-0.0132,-0.0277,105.9788,True
1721577506.9413447,-0.0946,0.0,0.4523,-0.0024,-0.0003,106.0863,True,0.5,-12.5664,4.4559,0.0049,0.0087,105.28,True
1721577506.9710171,-0.0452,0.0,1.8841,-0.0024,-0.0021,108.0212,True,0.5447,-12.5664,-1.0229,0.0028,-0.0013,105.1725,True
1721577507.0036783,-0.016,0.0,2.6212,0.0,0.0,110.1373,True,0.5467,-12.5664,-0.0543,0.0007,-0.0009,104.6888,True
1721577507.034269,0.1203,0.0,5.0025,-0.0029,-0.0108,110.5194,True,0.5461,-12.5664,0.0422,-0.0047,0.0003,103.4525,True
1721577507.0651345,0.2877,0.0,5.6063,0.0005,0.0034,111.1561,True,0.5447,-12.5664,-0.1719,-0.0048,0.0006,102.8019,True
1721577507.0941565,0.4568,0.0,6.2989,-0.0045,-0.0148,111.0924,True,0.5217,-12.5664,-1.9444,0.0062,-0.0026,101.9581,True
1721577507.126283,0.7188,0.0,8.5824,0.0064,0.0199,109.4188,True,0.5185,-12.5664,0.3441,-0.0031,-0.0001,102.8956,False
1721577507.1551673,0.9071,0.0,3.5833,0.013,0.0231,108.1825,True,0.4146,-12.5664,-5.9299,-0.0097,0.0224,101.8644,True
1721577507.18725,1.0861,0.0,7.053,-0.0098,-0.0326,106.0863,True,0.2794,-12.5664,-3.571,-0.0073,0.0074,101.5831,False
1721577507.219375,1.2388,0.0,3.0873,0.0173,0.0174,103.345,True,0.2095,-12.5664,-0.9211,-0.0078,0.0015,101.5831,False
1721577507.2509997,1.2766,0.0,-0.7428,-0.0036,0.0003,101.4894,True,0.1011,-12.5664,-3.8471,0.0131,-0.013,102.4737,False
1721577507.2787056,1.2513,0.0,-2.703,0.0048,-0.0031,101.5831,False,-0.0578,0.0,-7.5164,0.0123,-0.0424,102.1456,True
1721577507.3095324,1.2232,0.0,-0.969,-0.0007,-0.0006,100.3175,False,-0.231,0.0,-5.0884,-0.0167,0.0389,101.7237,True
1721577507.3433971,1.2212,0.0628,0.3502,-0.0029,0.0007,100.4112,False,-0.3392,0.0628,-1.5115,-0.0038,0.0017,101.5831,False
1721577507.3713524,1.2233,0.0628,0.055,-0.0007,-0.0007,100.3644,False,-0.3498,0.0628,-0.4516,-0.0045,0.0007,101.7706,False
1721577507.402571,1.2237,0.0628,-0.0203,0.0137,0.0007,100.2237,False,-0.3488,0.0628,-0.2029,-0.0092,0.0008,101.7706,False
1721577507.4340222,1.224,0.0628,0.0677,-0.0038,-0.0002,100.3644,False,-0.3482,0.0628,-0.0959,0.0087,-0.0011,101.7237,False
1721577507.4653354,1.2238,0.0628,-0.0058,0.0054,0.0006,100.2237,False,-0.3484,0.0628,0.022,-0.0,0.0,101.7237,False
1721577507.4935884,1.2244,0.0628,-0.1071,0.0038,-0.0005,100.4112,False,-0.3487,0.0628,0.0818,-0.0042,0.0004,101.5831,False
1721577507.5257204,1.2245,0.0628,-0.022,0.0,0.0009,100.4112,False,-0.3484,0.0628,-0.0191,0.0043,0.0001,101.63,False
1721577507.5561674,1.2247,0.0628,-0.0069,-0.0018,0.0002,100.3644,False,-0.3487,0.0628,0.0358,-0.0045,0.0004,101.7706,False
1721577507.5880475,1.2229,0.0628,-0.2588,0.0091,-0.001,100.3175,False,-0.3517,0.0628,0.0006,0.0041,-0.0004,102.8487,False
1721577507.6144834,1.2295,0.0,0.8101,0.0034,0.0006,100.505,False,-0.348,0.0,0.1397,-0.0087,-0.0012,102.7081,True
1721577507.6450067,1.2226,0.0,-0.4027,-0.0007,0.0007,100.505,False,-0.3506,0.0,-0.1198,0.0091,-0.0011,103.6137,True
1721577507.6759932,1.2229,0.0,0.0204,-0.0046,-0.0003,100.3175,False,-0.3504,0.0,-0.1661,-0.0041,0.0002,103.3988,True
1721577507.70658,1.2193,0.0,-0.2858,-0.0125,0.0005,100.4581,False,-0.3501,0.0,0.1402,-0.0087,0.0001,103.99,True
1721577507.7362044,1.1695,0.0,-1.7013,-0.0085,0.0031,100.4112,False,-0.3505,0.0,0.1191,0.0,-0.0,103.99,True
1721577507.7676725,1.1705,0.0,0.0377,-0.0049,0.0001,100.4581,False,-0.351,0.0,0.0717,-0.0005,-0.0001,104.3662,True
1721577507.7985911,1.1706,0.0,0.0549,0.0089,-0.0013,100.5987,False,-0.353,0.0,-0.1265,0.0126,-0.002,104.2588,True
1721577507.828565,1.1703,0.0,-0.0435,-0.0173,0.0001,100.4112,False,-0.3778,0.0,-2.5468,0.0119,-0.0036,104.0437,True
1721577507.859545,1.1707,0.0,-0.1768,0.0085,-0.0016,103.13,False,-0.5217,0.0,-4.7359,-0.005,0.0154,104.2588,True
1721577507.891313,1.1601,0.0,0.2314,0.0097,-0.0012,104.4737,True,-0.6011,-12.5664,-0.9234,-0.004,0.0006,103.6675,True
1721577507.9202816,1.2063,0.0,0.6745,0.014,-0.0007,106.3012,True,-0.7316,-12.5664,-7.1496,0.0327,-0.0188,103.5062,True
1721577507.9513142,1.2054,0.0,0.0641,0.0022,-0.0012,109.0425,True,-0.9604,-12.5664,-9.7149,0.0111,-0.0437,102.8487,True
1721577507.9810355,1.2576,0.0,4.6294,-0.003,-0.0025,112.1112,True,-1.273,-12.5664,-12.8317,-0.0,0.0,103.2375,True
1721577508.0129907,1.3453,0.0,2.3642,-0.0059,-0.0077,113.7666,True,-1.6906,-12.5664,-15.794,0.0091,-0.0464,101.9581,True
1721577508.0418952,1.4878,0.0,3.1778,0.0205,0.0198,116.4409,True,-2.1608,-12.5664,-18.8678,0.0025,-0.0703,102.6144,False
1721577508.0736606,1.5334,0.0,2.7958,-0.0033,-0.0027,117.587,True,-2.7389,-12.5664,-20.996,0.0006,0.0019,102.0519,True
1721577508.1036904,1.6485,0.0,3.069,-0.0126,-0.0103,116.6319,True,-3.3683,-12.5664,-23.4,-0.048,0.9592,102.6612,True
1721577508.1343877,1.7495,0.0,4.8786,-0.0118,-0.016,115.6768,True,-4.0827,-12.5664,-25.764,-0.0554,1.1909,101.7706,True
1721577508.163995,1.9503,0.0,6.1768,0.003,-0.0171,113.0663,True,-4.8422,-12.5664,-28.9585,-0.0956,2.2053,101.7237,False
1721577508.1948764,2.1475,0.0,6.4712,0.0078,0.0257,109.9563,True,-5.6878,-12.5664,-29.8633,-0.1196,3.0968,101.6769,False
1721577508.2247741,2.2665,0.0,1.6315,0.0126,0.0057,107.0537,True,-6.6019,-12.5664,-33.242,-0.0991,2.9183,101.5831,False
1721577508.258447,2.238,0.0,-2.2949,-0.0032,0.0013,105.3337,True,-7.6731,-12.5664,-34.9681,-0.1817,5.3438,101.6769,False
1721577508.2877975,2.1505,0.0,-2.9309,-0.0145,0.0087,102.9425,True,-8.6822,-12.5664,-37.3224,-0.1596,4.9638,101.6769,False
1721577508.3177664,2.044,0.0,-4.1988,-0.0,-0.0021,100.7394,True,-9.6645,-12.5664,-30.4905,-0.4814,14.7067,101.6769,False
1721577508.3505936,1.8694,0.0628,-6.501,0.0002,0.0105,100.2237,False,-10.5304,0.0628,-25.8448,-0.3922,9.4707,101.5831,False
1721577508.3817787,1.6343,0.0628,-9.5093,0.0099,-0.018,100.1769,False,-11.1829,0.0628,-19.5821,-0.5411,9.3959,101.7237,False
1721577508.4112785,1.316,0.0628,-13.4273,0.0002,0.0272,100.3175,False,-11.6167,0.0628,-14.0468,-0.4564,5.595,101.7706,False
1721577508.4422505,0.8862,0.0628,-15.8062,-0.0021,0.0046,100.2237,False,-11.8877,0.0628,-8.1002,-0.4329,2.4298,101.6769,False
1721577508.4722462,0.4661,0.0628,-13.0123,-0.0763,0.7591,100.2706,False,-11.9697,0.0628,-3.3988,-0.2819,0.1806,101.7706,False
1721577508.5032606,0.1378,0.0628,-8.7646,-0.1326,1.1361,100.2237,False,-11.9048,0.0628,1.8071,-0.1673,-0.1667,101.9112,False
1721577508.5349512,-0.0549,0.0628,-4.6183,-0.1348,0.8835,100.4112,False,-11.7107,0.0628,7.636,-0.3311,-0.7878,101.8644,False
1721577508.5658398,-0.1379,0.0628,-0.496,-0.1669,0.3877,100.3644,False,-11.4129,0.0628,11.3322,-0.2442,-1.0678,101.5831,False
1721577508.5960217,-0.121,0.0628,2.7336,-0.1788,0.1473,100.3644,False,-11.0329,0.0628,13.7941,-0.1278,-0.9073,101.8175,False
1721577508.6265895,-0.0172,0.0628,5.2363,-0.0913,-0.0168,100.3175,False,-10.5364,0.0628,17.6642,-0.0874,-0.7674,101.6769,False
1721577508.6558988,0.0584,0.0628,0.4975,0.1272,0.4705,100.4112,False,-9.9947,0.0628,20.4471,-0.03,-0.4216,101.6769,False
1721577508.6853151,0.0702,0.0628,0.4121,-0.1185,0.1048,100.4581,False,-9.3424,0.0628,23.6777,-0.0063,-0.1735,101.7706,False
1721577508.7167017,0.0707,0.0628,0.0463,-0.0294,-0.0057,100.4581,False,-8.5438,0.0628,27.5192,-0.0324,-0.5251,101.7706,False
1721577508.746917,0.0717,0.0628,0.1933,-0.0259,-0.0008,100.4112,False,-7.6771,0.0628,30.56,-0.0103,-0.2079,101.9112,False
1721577508.7758746,0.0715,0.0628,0.0262,-0.0045,-0.001,100.505,False,-6.7648,0.0628,33.7962,-0.0104,-0.197,101.7237,False
1721577508.8082047,0.0722,0.0628,0.2176,-0.0141,0.0001,100.3644,False,-5.6756,0.0628,37.0698,-0.0083,-0.2236,101.7706,False
1721577508.8372087,0.0723,0.0628,0.0504,0.0006,-0.0003,100.4581,False,-4.5487,0.0628,40.467,-0.0236,-0.5909,107.43,False
1721577508.8663146,0.0498,0.0,0.1362,0.1075,0.1782,100.4112,False,-3.4772,0.0,36.8335,0.1613,5.9789,105.28,True
1721577508.8952205,0.0964,0.0,4.6428,-0.0116,-0.0168,100.4581,False,-2.6568,0.0,22.3797,0.0393,0.8852,102.0987,True
1721577508.9252696,0.2707,0.0,3.1863,0.0332,0.0422,100.505,False,-2.3103,0.0,4.4036,0.0657,0.2519,104.42,True
1721577508.9570348,0.1769,0.0,-5.2249,0.0142,-0.0355,100.5519,False,-2.3821,0.0,-3.6597,-0.0123,0.0092,104.9037,True
1721577508.9863243,-0.0221,0.0,-8.5771,0.0178,-0.0927,102.1456,False,-2.3904,0.0,-0.958,-0.0008,-0.0,105.2262,True
1721577509.0194345,-0.1992,0.0,-2.6227,-0.0192,0.022,105.8175,True,-2.3884,-12.5664,0.2369,-0.0002,0.0003,105.6025,True
1721577509.0483994,-0.1975,0.0,-0.0204,-0.0067,-0.0006,108.1825,True,-2.4448,-12.5664,-4.0569,0.0901,0.0183,105.28,True
1721577509.0794656,-0.1964,0.0,-0.0552,0.0082,0.0004,112.1748,True,-2.586,-12.5664,-6.6176,-0.0095,0.035,105.6025,True
1721577509.1095388,-0.1972,0.0,-0.0016,0.002,-0.0001,116.6319,True,-2.8137,-12.5664,-9.9215,-0.0023,0.0097,105.3875,True
1721577509.1410286,-0.1954,0.0,0.0057,0.0,0.0,121.9362,True,-3.1148,-12.5664,-11.5362,-0.0544,0.4464,104.205,True
1721577509.1686919,-0.1956,0.0,0.0549,-0.0164,-0.0033,131.1306,True,-3.4606,-12.5664,-14.5098,-0.0513,0.4759,104.1512,True
1721577509.19921,-0.1953,0.0,0.0592,0.0,-0.0001,141.1792,True,-3.898,-12.5664,-17.362,-0.0366,0.4991,103.7212,True
1721577509.2303803,-0.1717,0.0,2.6929,0.0,0.0,156.5952,True,-4.3901,-12.5664,-17.958,-0.1596,2.3219,103.0831,True
1721577509.2612278,-0.022,0.0,5.8947,-0.0047,-0.0098,180.485,True,-4.9435,-12.5664,-20.3172,-0.2237,3.504,102.4737,True
1721577509.2929375,0.2408,0.0,9.8308,-0.0025,-0.0094,189.3587,True,-5.5986,-12.5664,-20.8798,-0.3912,7.4719,102.0519,True
1721577509.3219383,0.5361,0.0,10.2831,-0.0076,-0.0578,173.3288,True,-6.2543,-12.5664,-24.3477,-0.245,4.7678,102.0519,True
1721577509.353882,0.9404,0.0,15.3647,-0.0174,-0.1564,145.457,True,-7.0187,-12.5664,-27.1014,-0.2396,5.2024,101.6769,True
1721577509.384065,1.4853,0.0,17.9529,0.0046,0.1019,125.3978,True,-7.82,-12.5664,-29.2863,-0.2027,4.5764,101.6769,False
1721577509.4150946,1.967,0.0,15.8857,0.017,0.2249,114.3397,True,-8.6896,-12.5664,-31.8057,-0.1661,4.1938,101.63,False
1721577509.4450157,2.3093,0.0,8.2981,0.0492,0.3915,104.7425,True,-9.6051,-12.5664,-30.7261,-0.3547,10.3895,101.6769,False
1721577509.4760003,2.3434,0.0,-4.5297,0.0219,-0.0356,99.8487,True,-10.4473,-12.5664,-25.5902,-0.4084,10.7543,101.5362,False
1721577509.508769,2.0491,0.0628,-10.0337,0.0126,-0.0864,98.8644,False,-11.1709,0.0628,-21.2656,-0.3524,6.9292,101.6769,False
1721577509.5383675,1.7352,0.0628,-12.5802,0.0311,-0.1569,99.005,False,-11.6375,0.0628,-15.7228,-0.3397,4.2733,101.5831,False
1721577509.5691152,1.3165,0.0628,-15.9863,0.0216,-0.1473,99.2394,False,-11.935,0.0628,-10.5596,-0.2711,1.6341,101.5831,False
1721577509.599087,0.845,0.0628,-17.6267,-0.0104,0.0302,99.38,False,-12.0414,0.0628,-2.8243,-0.4947,0.9169,101.0206,False
1721577509.6296153,0.4251,0.0628,-12.4822,-0.0884,1.3006,99.5675,False,-12.0018,0.0628,2.4608,-0.4876,0.2923,101.6769,False
1721577509.6605132,0.1013,0.0628,-8.6801,-0.1063,1.0739,99.6612,False,-11.8356,0.0628,7.3263,-0.3655,-0.5338,101.63,False
1721577509.6907752,-0.1076,0.0628,-4.7562,-0.1663,1.1322,99.755,False,-11.5788,0.0628,9.1074,-0.1279,-0.719,101.7706,False
1721577509.7200582,-0.1969,0.0628,-1.6225,-0.0782,0.1799,99.8487,False,-11.2389,0.0628,12.3014,-0.1491,-0.8624,101.8175,False
1721577509.75088,-0.1832,0.0628,1.914,-0.0848,0.0607,99.8487,False,-10.7712,0.0628,16.1263,-0.1126,-0.8358,101.8175,False
1721577509.7808895,-0.0834,0.0628,4.8665,-0.0212,-0.0073,99.9425,False,-10.2667,0.0628,19.1912,-0.0567,-0.3502,101.7237,False
1721577509.811097,0.04,0.0628,2.1212,0.0804,0.4029,100.0362,False,-9.6333,0.0628,22.4603,-0.0048,-0.0865,101.6769,False
1721577509.8420997,0.0735,0.0628,-0.3833,0.0525,0.032,99.9894,False,-8.8958,0.0628,26.4213,-0.0174,-0.3462,101.7237,False
1721577509.8735623,0.073,0.0628,0.2773,-0.0298,0.0048,99.9894,False,-8.0176,0.0628,29.8276,-0.0214,-0.4415,101.7237,False
1721577509.90311,0.0726,0.0628,0.0078,0.0033,0.0008,99.9894,False,-7.1091,0.0628,33.1647,-0.0094,-0.2063,101.8175,False
1721577509.9339404,0.0721,0.0628,0.0788,-0.0045,-0.0008,100.0831,False,-6.0857,0.0628,36.0448,-0.0041,-0.1032,101.7237,False
1721577509.9631848,0.0719,0.0628,0.1467,-0.0259,-0.0013,100.0831,False,-5.0139,0.0628,39.3214,-0.0094,-0.1408,101.6769,False
1721577509.9932578,0.0721,0.0628,0.0199,-0.0057,-0.002,100.1769,False,-3.8216,0.0628,38.4073,0.0885,3.411,101.5831,False
1721577510.022076,0.0728,0.0628,0.2463,-0.0116,-0.0008,100.13,False,-2.7937,0.0628,33.8422,0.1634,5.8559,101.9112,False
1721577510.0532439,0.0725,0.0628,0.1694,-0.0136,-0.0005,100.2237,False,-1.7817,0.0628,30.6151,0.1248,3.5728,101.7706,False
1721577510.0838475,0.0714,0.0628,0.0443,0.0129,0.0025,100.2237,False,-0.903,0.0628,26.2766,0.1683,4.5733,101.63,False
1721577510.1141286,0.0722,0.0628,0.0594,-0.0006,0.0003,100.2237,False,-0.164,0.0628,22.6977,0.1472,3.5839,101.8644,False
1721577510.1451726,0.0726,0.0628,0.2223,-0.0148,0.0016,100.1769,False,0.4657,0.0628,18.4732,0.1897,3.6311,101.6769,False
1721577510.177266,0.0723,0.0628,0.1179,0.0,0.0,100.2237,False,0.9911,0.0628,14.2879,0.2183,3.4634,101.6769,False
1721577510.208064,0.0725,0.0628,0.1725,-0.0129,-0.0011,100.2237,False,1.3813,0.0628,11.0774,0.1284,1.558,101.8175,False
1721577510.2366717,0.0734,0.0628,0.3925,-0.0182,0.006,100.3644,False,1.631,0.0628,7.1623,0.1418,1.2126,101.8175,False
1721577510.270364,0.0732,0.0628,0.264,-0.0196,0.002,100.2706,False,1.7786,0.0628,2.116,0.224,0.8575,101.8175,False
1721577510.30034,0.0727,0.0628,0.0507,-0.0039,-0.0011,100.3644,False,1.7939,0.0628,-0.9537,0.137,0.113,101.6769,False
1721577510.3289351,0.0726,0.0628,0.2086,-0.0117,-0.0002,100.3644,False,1.7156,0.0628,-3.9942,0.1257,0.0405,101.6769,False
1721577510.3591957,0.0724,0.0628,0.1505,-0.0006,0.0002,100.3175,False,1.5482,0.0628,-7.1891,0.0519,-0.0328,101.5831,False
1721577510.390286,0.0726,0.0628,0.1193,-0.0091,-0.0008,100.3175,False,1.2778,0.0628,-10.0434,0.0046,-0.0372,105.3875,False
1721577510.418472,0.0639,0.0,-0.3896,0.008,0.0026,100.3644,False,0.946,0.0,-13.9945,-0.2092,3.6502,105.3337,True
1721577510.448804,-0.039,0.0,-5.8054,0.0169,-0.0377,100.3644,False,0.858,0.0,6.767,-0.0565,-0.1247,103.6675,True
1721577510.4793887,-0.3157,0.0,-11.3143,0.0112,-0.0856,100.4112,False,1.3041,0.0,18.0351,-0.0218,-0.2697,102.7081,True
1721577510.5088332,-0.7268,0.0,-15.8722,0.0213,-0.1564,102.2862,False,1.9142,0.0,21.9497,-0.0061,-0.2869,102.0519,True
1721577510.539915,-1.2649,0.0,-16.7645,-0.0084,0.012,102.38,True,2.5981,-12.5664,17.9183,0.0557,0.9085,101.9581,True
1721577510.5711715,-1.6406,0.0,-9.6699,-0.0257,0.2237,102.9425,True,3.163,-12.5664,15.3859,0.1317,2.2819,101.8175,False
1721577510.6014066,-1.8147,0.0,-3.6825,-0.0118,0.0299,105.5488,True,3.5725,-12.5664,12.0638,0.15,1.9367,101.9581,False
1721577510.6321979,-1.8408,0.0,0.2656,-0.0015,-0.0002,108.4512,True,3.8838,-12.5664,7.9979,0.2049,1.924,101.9581,False
1721577510.6637983,-1.8388,0.0,0.1156,0.0116,-0.0016,110.8377,True,4.0876,-12.5664,4.4857,0.1799,1.219,101.9112,False
1721577510.6935885,-1.8368,0.0,-0.1275,-0.0083,0.0014,115.1038,True,4.1737,-12.5664,0.8,0.1739,0.4272,101.9581,False
1721577510.7259543,-1.8376,0.0,0.055,-0.0012,-0.0002,120.4415,True,4.1451,-12.5664,-2.9218,0.1829,0.1536,101.8175,False
1721577510.754929,-1.8359,0.0,0.093,-0.001,-0.0001,124.7684,True,4.0245,-12.5664,-5.4145,0.0659,-0.0169,102.0987,False
1721577510.7852385,-1.8123,0.0,2.6386,-0.0116,-0.002,129.0587,True,3.804,-12.5664,-9.0445,0.0266,-0.0941,102.1925,True
1721577510.816546,-1.6172,0.0,7.9078,-0.0198,-0.0937,131.6486,True,3.4671,-12.5664,-12.5216,0.0252,-0.1876,102.4269,True
1721577510.8468106,-1.3147,0.0,10.403,-0.0009,0.002,132.063,True,3.0505,-12.5664,-16.2431,0.0163,-0.1735,102.7081,True
1721577510.877249,-0.9616,0.0,12.9685,-0.0069,-0.0765,127.8366,True,2.5104,-12.5664,-20.0157,0.0132,-0.0714,103.0831,True
1721577510.907331,-0.5113,0.0,16.2432,-0.0186,-0.2018,121.2282,True,1.8975,-12.5664,-23.0665,0.0174,-0.306,103.13,True
1721577510.9382272,0.0473,0.0,19.7451,-0.0127,-0.1882,114.0213,True,1.1674,-12.5664,-25.78,0.0056,-0.2187,102.1456,True
1721577510.9678748,0.6496,0.0,18.9709,0.0177,0.036,107.86,True,0.3507,-12.5664,-28.9187,0.0085,-0.2,101.7706,True
1721577510.9971185,1.2509,0.0,20.8192,-0.0066,-0.0918,103.1837,True,-0.5188,-12.5664,-32.6401,0.0204,-0.5308,101.9581,False
1721577511.027755,1.6921,0.0,9.4841,0.0786,0.6276,101.5362,True,-1.5265,-12.5664,-35.8187,0.0119,-0.7857,101.5831,False
1721577511.0593965,1.8615,0.0628,2.0068,0.0197,0.0145,99.5206,False,-2.6965,0.0628,-38.9536,0.0191,-0.6081,101.6769,False
1721577511.0889983,1.9294,0.0628,1.0371,0.0626,0.0802,99.6144,False,-3.7049,0.0628,-32.0269,-0.1716,5.6139,101.6769,False
1721577511.1212764,1.8828,0.0628,-3.4449,0.1122,0.0468,99.755,False,-4.6441,0.0628,-27.8758,-0.2091,5.9302,101.5362,False
1721577511.1514122,1.7358,0.0628,-7.1076,0.1116,-0.0178,99.8019,False,-5.4299,0.0628,-24.0741,-0.1809,4.3667,101.7237,False
1721577511.181293,1.5128,0.0628,-9.6351,0.0033,-0.0012,99.7081,False,-6.0806,0.0628,-20.2666,-0.1875,3.7028,101.6769,False
1721577511.2104254,1.183,0.0628,-13.2187,0.0336,-0.2534,99.8487,False,-6.5938,0.0628,-16.4101,-0.1288,1.791,101.4894,False
1721577511.2418146,0.7533,0.0628,-16.1985,0.0074,-0.0746,99.8487,False,-7.0135,0.0628,-11.7334,-0.1934,2.3919,101.63,False
1721577511.2731488,0.362,0.0628,-11.1379,-0.1281,1.5425,99.8956,False,-7.3018,0.0628,-7.4141,-0.2004,1.7473,101.5362,False
1721577511.3022876,0.0909,0.0628,-7.3553,-0.1248,1.0775,99.9425,False,-7.4601,0.0628,-4.0958,-0.1801,0.9238,101.7237,False
1721577511.3334868,-0.0758,0.0628,-3.7527,-0.1182,0.6335,100.0831,False,-7.5025,0.0628,0.4976,-0.2137,0.3848,101.63,False
1721577511.3639934,-0.1253,0.0628,0.407,-0.1493,0.2386,100.0831,False,-7.4334,0.0628,4.179,-0.1806,0.0819,101.5831,False
1721577511.3935814,-0.0778,0.0628,2.9924,-0.0585,0.0053,100.0362,False,-7.2725,0.0628,6.6773,-0.0614,-0.0407,101.7237,False
1721577511.4237928,0.0379,0.0628,2.5659,0.0818,0.3051,100.13,False,-7.0115,0.0628,10.6931,-0.0297,-0.1396,101.7237,False
1721577511.453973,0.0769,0.0628,-0.2536,0.0612,0.0744,100.1769,False,-6.6559,0.0628,13.5626,-0.0029,-0.0675,101.7237,False
1721577511.4844298,0.0728,0.0628,0.3363,-0.0065,0.0008,100.13,False,-6.2168,0.0628,16.7851,-0.0132,-0.1619,101.7237,False
1721577511.515277,0.0724,0.0628,0.2803,-0.0226,0.0032,100.2706,False,-5.6419,0.0628,20.6225,-0.012,-0.1863,101.7237,False
1721577511.5447965,0.0719,0.0628,0.2415,-0.0146,-0.0008,100.1769,False,-5.0092,0.0628,23.849,-0.0153,-0.221,101.7237,False
1721577511.576133,0.0721,0.0628,0.2098,-0.0208,0.0022,100.2706,False,-4.237,0.0628,27.3256,-0.002,0.0158,101.6769,False
1721577511.6054182,0.0724,0.0628,0.2493,-0.0168,0.0006,100.2706,False,-3.4208,0.0628,29.978,0.0021,0.0661,101.7237,False
1721577511.636118,0.0728,0.0628,0.1868,-0.0252,-0.0013,100.1769,False,-2.4966,0.0628,31.5225,0.0523,1.5111,101.63,False
1721577511.6655612,0.0721,0.0628,0.114,-0.0039,-0.0006,100.2706,False,-1.6756,0.0628,26.1207,0.167,4.3616,101.7706,False
1721577511.6972585,0.0726,0.0628,0.1077,0.0033,0.0002,100.2237,False,-0.9079,0.0628,22.1281,0.1419,3.2258,101.5831,False
1721577511.7279892,0.0729,0.0628,0.1314,-0.0039,-0.0006,100.4112,False,-0.303,0.0628,18.3201,0.1679,3.0284,101.7237,False
1721577511.759558,0.0599,0.0628,-0.6769,0.0802,0.0404,100.2706,False,0.205,0.0628,14.5905,0.1266,1.9436,102.8487,False
1721577511.7855444,0.0623,0.0,0.2767,-0.0214,0.0011,100.4112,False,0.5452,0.0,11.2532,0.0438,0.4659,103.99,True
1721577511.8161416,0.0545,0.0,-1.7029,0.0059,-0.0036,100.3175,False,0.7551,0.0,4.3918,0.0172,0.0585,105.8175,True
1721577511.8465955,-0.1018,0.0,-6.1535,-0.0078,0.0234,100.3175,False,0.8039,0.0,-0.2938,-0.0091,-0.0008,106.1937,True
1721577511.876723,-0.2674,0.0,-5.2764,0.0,-0.0,103.0831,False,0.805,0.0,0.2178,0.0001,0.0005,105.8175,True
1721577511.9109125,-0.4384,0.0,-4.7525,-0.0137,0.0336,104.85,True,0.8412,-12.5664,3.0527,-0.0049,-0.0033,105.28,True
1721577511.9392889,-0.517,0.0,-1.5501,0.0035,-0.0013,107.43,True,0.7901,-12.5664,-3.5778,0.0857,0.0654,105.065,True
1721577511.96911,-0.5213,0.0,0.1635,-0.0038,-0.0005,109.6338,True,0.6705,-12.5664,-6.5072,0.0003,0.0058,105.1188,True
1721577512.0011234,-0.5212,0.0,0.0255,-0.0037,-0.0006,112.7479,True,0.4579,-12.5664,-8.899,-0.012,0.0193,105.065,True
1721577512.0294642,-0.5208,0.0,0.0088,0.0149,-0.0003,115.8041,True,0.1761,-12.5664,-12.0292,-0.0078,-0.0003,104.9575,True
1721577512.061288,-0.5193,0.0,-0.0709,0.0083,0.0007,118.2387,True,-0.1974,-12.5664,-14.3354,-0.0392,0.3878,105.1725,True
1721577512.0904481,-0.5179,0.0,0.0998,0.0,0.0,121.3856,True,-0.6449,-12.5664,-18.0234,0.0206,-0.192,105.2262,True
1721577512.1214042,-0.5174,0.0,-0.0309,-0.0057,-0.0002,123.1163,True,-1.1862,-12.5664,-20.2657,-0.0247,0.3894,104.0437,True
1721577512.1524222,-0.5132,0.0,0.3946,0.0,0.0017,122.8803,True,-1.8012,-12.5664,-22.6729,-0.0537,1.004,103.13,True
1721577512.182233,-0.3919,0.0,7.0333,-0.0176,-0.0557,122.0936,True,-2.4757,-12.5664,-25.6794,-0.0203,0.4247,102.2394,True
1721577512.212903,-0.0626,0.0,13.9415,-0.044,-0.3926,117.1413,True,-3.2668,-12.5664,-28.8518,-0.0079,0.255,101.8644,True
1721577512.2434416,0.4733,0.0,18.0279,-0.0158,-0.2384,109.58,True,-4.1474,-12.5664,-31.345,-0.0483,1.2932,101.6769,False
1721577512.2736924,0.9925,0.0,15.9402,-0.002,-0.0385,104.205,True,-5.1036,-12.5664,-34.4188,0.0081,-0.1497,101.7706,False
1721577512.3043694,1.3314,0.0,5.872,0.0642,0.2788,99.8019,True,-6.162,-12.5664,-37.4853,-0.0101,0.3451,101.5831,False
1721577512.337515,1.2709,0.0628,-6.0189,0.0512,-0.0695,99.8019,False,-7.36,0.0628,-39.0599,-0.1298,4.4251,101.5831,False
1721577512.3665922,1.1579,0.0628,-5.6706,0.0548,-0.0065,99.7081,False,-8.3613,0.0628,-32.7532,-0.2687,8.3272,101.5831,False
1721577512.3957143,0.9454,0.0628,-8.5942,0.0146,-0.0709,99.8487,False,-9.221,0.0628,-28.2806,-0.2467,6.5415,101.7237,False
1721577512.4253628,0.6389,0.0628,-12.5308,0.0341,-0.2095,99.8956,False,-9.924,0.0628,-23.7282,-0.2299,5.1576,101.5831,False
1721577512.4574003,0.2995,0.0628,-9.8722,-0.0755,0.8212,99.8956,False,-10.5175,0.0628,-17.6406,-0.3576,5.8627,101.7706,False
1721577512.4891243,0.0625,0.0628,-5.9221,-0.1225,0.8185,100.0362,False,-10.9304,0.0628,-11.2828,-0.4801,5.2719,101.6769,False
1721577512.522297,-0.0582,0.0628,-2.2113,-0.1299,0.455,100.0831,False,-11.1677,0.0628,-0.8512,-0.9685,9.103,101.63,False
1721577512.5488205,-0.072,0.0628,0.6275,-0.0483,0.0289,100.0831,False,-11.2459,0.0628,-1.0333,-0.4993,0.636,101.5362,False
1721577512.5785682,0.0061,0.0628,4.4072,-0.0901,0.0262,100.13,False,-11.1743,0.0628,3.3625,-0.3324,-0.0598,101.7706,False
1721577512.609576,0.0596,0.0628,0.6106,0.0459,0.0318,100.0362,False,-11.0012,0.0628,6.3502,-0.0918,-0.2735,101.7706,False
1721577512.640437,0.0661,0.0628,0.1253,-0.0084,0.0002,100.0831,False,-10.7236,0.0628,10.0392,-0.1561,-0.4323,101.5831,False
1721577512.6692162,0.0682,0.0628,0.2102,-0.0256,0.0029,100.1769,False,-10.3752,0.0628,12.7135,-0.1131,-0.6696,101.5362,False
1721577512.701219,0.0688,0.0628,0.1574,-0.0044,0.0002,100.2237,False,-9.9177,0.0628,16.692,-0.0469,-0.4238,101.63,False
1721577512.7318351,0.0694,0.0628,0.0921,0.0035,-0.0012,100.1769,False,-9.3751,0.0628,19.4289,0.0001,-0.0652,101.63,False
1721577512.761633,0.07,0.0628,0.1661,-0.0177,-0.0018,100.3175,False,-8.722,0.0628,23.8102,-0.0176,-0.1155,101.6769,False
1721577512.7930334,0.0703,0.0628,0.2031,-0.0294,-0.0015,100.3175,False,-7.9543,0.0628,26.6025,-0.0116,-0.2176,101.7706,False
1721577512.8223252,0.0702,0.0628,0.0963,-0.0125,-0.001,100.3175,False,-7.1173,0.0628,30.4692,-0.0084,-0.3143,101.5831,False
1721577512.852239,0.0703,0.0628,0.1823,-0.0093,-0.0009,100.2706,False,-6.1841,0.0628,33.8628,-0.0135,-0.3085,101.7237,False
1721577512.8837445,0.0706,0.0628,0.1678,-0.016,-0.0018,100.3644,False,-5.123,0.0628,36.5107,-0.0031,-0.0044,101.6769,False
1721577512.9134498,0.0709,0.0628,0.1844,-0.012,0.0002,100.4112,False,-4.0128,0.0628,39.7216,-0.0135,-0.401,101.8644,False
1721577512.9436069,0.0713,0.0628,0.1089,-0.0095,-0.0015,100.2706,False,-2.9549,0.0628,34.0769,0.1488,5.2801,101.6769,False
1721577512.9742258,0.0719,0.0628,0.1718,-0.0135,-0.0016,100.2237,False,-1.9575,0.0628,30.0881,0.1515,4.8626,101.5831,False
1721577513.0062826,0.0722,0.0628,0.1998,-0.009,-0.0001,100.3175,False,-1.0615,0.0628,26.0466,0.1429,4.0963,101.8175,False
1721577513.0359972,0.0726,0.0628,0.1154,-0.0084,-0.0014,100.3644,False,-0.339,0.0628,22.7724,0.172,3.9977,106.7312,False
1721577513.0630958,0.0544,0.0,-0.7616,0.113,0.1526,100.3175,False,0.2309,0.0,19.6653,0.162,3.5168,103.3988,True
1721577513.0929925,0.0722,0.0,1.8337,0.0039,0.0021,100.4112,False,0.5727,0.0,7.0871,0.051,0.2885,105.0112,True
1721577513.122552,0.0274,0.0,-3.2172,0.0119,-0.0117,100.3175,False,0.6595,0.0,-0.1688,0.0127,-0.0003,106.5163,True
1721577513.131379,-0.0141,0.0,-5.3592,0.0059,-0.0145,100.4112,False,0.6507,0.0,-1.0098,-0.008,0.0003,106.355,True
1721577513.1532772,-0.1637,0.0,-6.8102,0.0117,-0.0365,102.005,False,0.6527,0.0,-0.047,-0.0044,0.0001,106.3012,True
1721577513.1870074,-0.4167,0.0,-8.8744,0.0019,-0.0183,102.38,True,0.7122,-12.5664,4.4171,-0.0038,-0.0043,105.71,True
1721577513.2167933,-0.6076,0.0,-5.0486,-0.0021,0.0037,103.99,True,0.6742,-12.5664,-3.0318,0.1303,0.116,105.0112,True
1721577513.2459419,-0.703,0.0,-0.7099,-0.0074,0.0008,106.8925,True,0.5768,-12.5664,-5.5372,0.0023,-0.0012,104.5275,True
1721577513.2766924,-0.6946,0.0,0.1573,-0.0048,0.0004,109.5263,True,0.3911,-12.5664,-8.8156,0.0048,-0.0157,104.635,True
1721577513.3078666,-0.6955,0.0,0.0418,-0.0163,0.0,112.0475,True,0.1198,-12.5664,-10.6763,-0.027,0.1832,104.4737,True
1721577513.3378282,-0.6941,0.0,0.0338,0.0018,0.0011,115.3584,True,-0.213,-12.5664,-12.7983,-0.0599,0.548,104.7962,True
1721577513.3674035,-0.6931,0.0,0.1023,0.0097,-0.0028,120.5202,True,-0.6239,-12.5664,-17.0103,0.0086,-0.0637,105.4412,True
1721577513.3984032,-0.6917,0.0,0.1858,0.0048,-0.0002,126.7352,True,-1.1185,-12.5664,-17.8167,-0.0969,1.3775,105.4412,True
1721577513.4256842,-0.6866,0.0,0.2739,0.0167,-0.0028,135.378,True,-1.6204,-12.5664,-21.0658,-0.0226,0.509,105.1188,True
1721577513.457283,-0.6885,0.0,0.0466,0.0047,-0.0002,141.6426,True,-2.2323,-12.5664,-23.3625,-0.0653,1.1491,104.42,True
1721577513.487332,-0.6834,0.0,0.4631,0.0039,0.0008,138.5894,True,-2.922,-12.5664,-25.6702,-0.0477,0.9851,103.2375,True
1721577513.5163383,-0.5356,0.0,7.8924,-0.0433,-0.1514,128.9552,True,-3.6648,-12.5664,-28.4085,-0.0327,0.8602,101.9581,True
1721577513.548123,-0.1065,0.0,19.1725,-0.0294,-0.4122,117.1413,True,-4.5063,-12.5664,-29.6357,-0.1436,3.883,101.4425,False
1721577513.5771844,0.5534,0.0,20.6491,0.013,0.2304,107.9675,True,-5.3979,-12.5664,-33.4389,-0.0503,1.4184,101.5362,False
1721577513.608458,1.1246,0.0,15.4767,0.0626,0.9185,100.2237,True,-6.4597,-12.5664,-36.6245,-0.0148,0.5062,101.5831,False
1721577513.6419215,1.2835,0.0628,-2.8259,0.0224,-0.0133,99.1925,False,-7.6471,0.0628,-38.8311,-0.1286,4.4689,101.4894,False
1721577513.6733577,1.2951,0.0628,-1.3151,0.0711,0.0294,99.4269,False,-8.708,0.0628,-31.3655,-0.2636,8.1878,101.4894,False
1721577513.7039182,1.1893,0.0628,-4.8907,0.0663,-0.0013,99.5206,False,-9.5649,0.0628,-26.3196,-0.3683,9.7533,101.6769,False
1721577513.7350574,0.99,0.0628,-8.525,0.049,-0.0755,99.6144,False,-10.2663,0.0628,-19.9631,-0.5263,11.4641,101.4894,False
1721577513.7660851,0.6985,0.0628,-11.7828,0.0129,-0.0697,99.5675,False,-10.7847,0.0628,-16.2941,-0.4057,5.8758,101.8175,False
1721577513.7948897,0.3578,0.0628,-10.8124,-0.061,0.6279,99.8019,False,-11.1332,0.0628,-10.5566,-0.4231,4.3188,101.6769,False
1721577513.8282917,0.1058,0.0628,-5.6955,-0.1871,1.4275,99.755,False,-11.3528,0.0628,-4.3838,-0.5702,3.1886,101.6769,False
1721577513.8551583,-0.0216,0.0628,-2.4727,-0.1295,0.5719,99.8956,False,-11.4005,0.0628,-1.8771,-0.2911,0.2125,101.6769,False
1721577513.8871763,-0.0504,0.0628,0.667,-0.0853,0.0549,99.8956,False,-11.3157,0.0628,3.1182,-0.1832,-0.105,101.7706,False
1721577513.9184651,0.0206,0.0628,3.6535,-0.0125,-0.0075,99.9894,False,-11.1137,0.0628,7.823,-0.2215,-0.6811,101.4894,False
1721577513.9491243,0.0642,0.0628,0.5516,0.0087,0.0042,100.0362,False,-10.8172,0.0628,10.9224,-0.1837,-0.694,101.8175,False
1721577513.9792786,0.0686,0.0628,0.3592,-0.0179,0.0058,100.0362,False,-10.4319,0.0628,13.9457,-0.0809,-0.5158,101.63,False
1721577514.0082042,0.0687,0.0628,0.023,-0.0167,-0.0035,99.9894,False,-9.9686,0.0628,17.4547,-0.0438,-0.4462,102.0987,False
1721577514.0355525,0.0697,0.0,0.127,-0.0633,0.0438,100.0831,False,-9.4709,0.0,20.4063,0.0096,0.2001,101.5362,True
1721577514.0675478,0.0738,0.0628,-0.1244,0.0031,-0.0007,100.0362,False,-8.8588,0.0628,17.4314,0.0111,0.1861,101.7237,False
1721577514.098534,0.071,0.0628,0.1003,-0.0134,-0.0031,99.8956,False,-8.1893,0.0628,23.8196,-0.0112,-0.092,101.63,False
1721577514.1281273,0.0709,0.0628,0.1645,-0.0094,0.0002,100.0831,False,-7.4647,0.0628,27.1238,-0.0142,-0.2839,101.4894,False
1721577514.1582243,0.0704,0.0628,0.0353,-0.0085,-0.0015,100.13,False,-6.6198,0.0628,29.9297,-0.0206,-0.0644,101.5362,False
1721577514.188113,0.0708,0.0628,0.0966,-0.0049,-0.0007,100.2237,False,-5.705,0.0628,33.0499,-0.0,-0.0,101.6769,False
1721577514.2179196,0.0709,0.0628,0.0455,0.0045,0.0006,100.13,False,-4.6687,0.0628,36.8588,-0.021,-0.4971,101.6769,False
1721577514.2494423,0.0715,0.0628,0.1802,-0.0005,0.0001,100.1769,False,-3.5415,0.0628,37.3676,0.0172,0.6148,101.5831,False
1721577514.2805364,0.0724,0.0628,0.2332,-0.0232,0.0024,100.2237,False,-2.5106,0.0628,31.3214,0.1563,5.0484,101.7237,False
1721577514.3109221,0.0726,0.0628,0.1256,-0.0142,-0.0021,100.1769,False,-1.593,0.0628,27.4904,0.1922,5.185,101.8644,False
1721577514.3413532,0.0729,0.0628,0.1602,-0.0136,-0.0001,100.1769,False,-0.8034,0.0628,23.921,0.1919,5.0287,101.7237,False
1721577514.3717105,0.0729,0.0628,0.1676,-0.002,-0.0007,100.2706,False,-0.1568,0.0628,19.9637,0.193,4.2116,101.9581,False
1721577514.4007924,0.0729,0.0628,0.1345,-0.0129,-0.0005,100.2706,False,0.3848,0.0628,16.1045,0.1991,3.4974,101.63,False
1721577514.4311168,0.0732,0.0628,0.2032,-0.0091,0.0009,100.2706,False,0.8179,0.0628,12.6158,0.1753,2.4551,101.8175,False
1721577514.4620206,0.073,0.0628,0.1556,-0.02,-0.0019,100.3644,False,1.1389,0.0628,8.7765,0.1834,1.9383,101.7706,False
1721577514.494701,0.0717,0.0628,0.0841,0.0034,0.0004,100.1769,False,1.364,0.0628,5.0555,0.1573,1.1596,101.6769,False
1721577514.5263233,0.0726,0.0628,0.3134,-0.0175,0.0077,100.3175,False,1.4557,0.0628,0.4865,0.2398,0.7567,101.8175,False
1721577514.554844,0.0675,0.0628,-0.2538,0.021,0.0075,100.3175,False,1.4532,0.0628,-0.7056,0.0177,0.0049,103.3988,False
1721577514.5835533,0.0571,0.0,-0.2995,0.075,0.04,100.3175,False,1.3803,0.0,-4.6327,-0.1541,1.1658,103.345,True
1721577514.6127,-0.0685,0.0,-6.5837,0.0129,-0.0368,100.3175,False,1.5533,0.0,12.1084,-0.0435,-0.2982,102.4269,True
1721577514.6420305,-0.3782,0.0,-12.8187,0.0341,-0.2767,100.2706,False,2.0564,0.0,18.9053,-0.0185,-0.2606,102.2862,True
1721577514.674016,-0.8346,0.0,-16.4323,0.0155,-0.2182,101.4894,False,2.6682,0.0,20.512,-0.0144,-0.2578,101.9581,True
1721577514.708091,-1.3647,0.0628,-13.7531,-0.0159,0.2157,102.38,False,3.2156,0.0628,10.2792,0.0351,0.3963,102.0519,False
1721577514.7364929,-1.7437,0.0,-11.2785,-0.0048,0.0453,103.99,True,3.5547,-12.5664,9.8624,0.1643,1.8296,101.7237,True
1721577514.7674518,-1.9669,0.0,-5.537,-0.0184,0.0992,106.8388,True,3.8074,-12.5664,5.9713,0.162,1.3786,101.8175,False
1721577514.7979822,-2.0162,0.0,0.7619,0.0059,0.0009,109.7412,True,3.9485,-12.5664,2.9905,0.1315,0.5915,101.8644,False
1721577514.8260648,-2.0162,0.0,0.1082,0.0012,0.0003,113.2573,True,3.9883,-12.5664,-0.3207,0.0799,0.1884,101.7237,False
1721577514.8570163,-2.0157,0.0,-0.2144,0.0094,0.0003,117.5233,True,3.9337,-12.5664,-4.0654,0.0907,0.0587,101.7237,False
1721577514.8869884,-2.0161,0.0,0.0217,-0.0035,-0.0001,122.959,True,3.7878,-12.5664,-7.1648,0.0047,-0.0118,101.8644,False
1721577514.9189706,-2.0149,0.0,-0.0099,0.0026,0.0008,127.994,True,3.5328,-12.5664,-10.5999,0.0102,-0.0874,102.1925,False
1721577514.9472492,-2.0107,0.0,0.2581,0.0034,0.0008,132.063,True,3.208,-12.5664,-13.6642,0.02,-0.1542,102.2394,True
1721577514.9770446,-2.0038,0.0,0.5989,0.0027,-0.001,133.9277,True,2.7873,-12.5664,-16.6219,0.019,-0.2121,102.8487,True
1721577515.0082736,-1.8762,0.0,6.054,-0.0084,-0.0173,133.2025,True,2.2646,-12.5664,-19.7459,0.0247,-0.3315,103.13,True
1721577515.0375948,-1.6369,0.0,9.1195,-0.0189,-0.1048,127.9153,True,1.6541,-12.5664,-22.9859,0.0174,-0.2181,103.2375,True
1721577515.0678022,-1.2624,0.0,13.6564,-0.0237,-0.2401,120.9922,True,0.9375,-12.5664,-25.7418,0.0113,-0.229,102.0519,True
1721577515.0989625,-0.7322,0.0,20.5677,-0.0218,-0.3528,112.1112,True,0.1355,-12.5664,-28.9403,0.0151,-0.1883,102.5675,True
1721577515.1303587,-0.1098,0.0,18.0923,0.0072,0.1098,106.7312,True,-0.8076,-12.5664,-31.5912,-0.0191,0.5395,101.5831,True
1721577515.1610117,0.5401,0.0,20.5545,-0.0023,-0.054,102.4737,True,-1.8008,-12.5664,-35.799,0.0119,-0.3366,101.63,False
1721577515.1920476,1.0694,0.0,13.446,0.037,0.4651,99.4737,True,-2.9397,-12.5664,-38.8803,0.0095,-0.422,101.7706,False
1721577515.2239518,1.2223,0.0628,-1.6585,0.0078,-0.0043,99.38,False,-4.1915,0.0628,-42.1408,-0.0039,0.2408,101.6769,False
1721577515.2549756,1.2677,0.0628,-0.6226,0.1061,0.1392,99.6612,False,-5.3232,0.0628,-34.7237,-0.1985,6.9505,101.8175,False
1721577515.284649,1.1965,0.0628,-4.1267,0.1207,0.002,99.6144,False,-6.3072,0.0628,-30.4891,-0.2149,6.7743,101.5831,False
1721577515.3137057,1.0367,0.0628,-7.4883,0.0575,-0.0381,99.6144,False,-7.1367,0.0628,-26.3474,-0.2482,6.7021,101.6769,False
1721577515.3442261,0.7775,0.0628,-10.5089,0.0095,-0.0461,99.6612,False,-7.8747,0.0628,-22.491,-0.2349,5.2637,101.3019,False
1721577515.375393,0.436,0.0628,-12.2131,-0.045,0.3439,99.7081,False,-8.4811,0.0628,-17.8943,-0.2453,4.4641,101.7237,False
1721577515.4060605,0.1672,0.0628,-6.8408,-0.1476,1.0618,99.7081,False,-8.939,0.0628,-13.6578,-0.2313,3.0899,101.4894,False
1721577515.437823,0.0146,0.0628,-3.3515,-0.1158,0.4697,99.8956,False,-9.2588,0.0628,-9.4726,-0.201,2.0477,101.6769,False
1721577515.4673789,-0.0192,0.0628,0.5213,-0.1232,0.1938,99.8487,False,-9.4327,0.0628,-4.5329,-0.2372,1.0338,101.5831,False
1721577515.4979692,0.0379,0.0628,3.973,-0.1592,0.0919,99.8956,False,-9.4769,0.0628,0.293,-0.3098,0.4562,101.5362,False
1721577515.528435,0.0702,0.0628,0.3936,0.0169,0.0093,99.9894,False,-9.4072,0.0628,4.0241,-0.175,-0.0225,101.5831,False
1721577515.5579886,0.0712,0.0628,0.1881,-0.0119,0.0018,100.0831,False,-9.2367,0.0628,7.3118,-0.1801,-0.0441,101.7706,False
1721577515.587293,0.0709,0.0628,0.1919,-0.0138,0.0007,99.9894,False,-8.9874,0.0628,9.6722,-0.074,-0.1723,101.7706,False
1721577515.6178346,0.071,0.0628,0.2137,-0.0183,0.0033,100.0362,False,-8.6409,0.0628,13.3798,-0.0337,-0.1948,101.7706,False
1721577515.6473036,0.0707,0.0628,0.1713,-0.0214,-0.0004,100.0831,False,-8.2109,0.0628,16.1367,-0.0077,-0.0444,101.4894,False
1721577515.679031,0.0708,0.0628,0.1103,0.0,-0.0002,100.0362,False,-7.6472,0.0628,19.939,-0.0175,-0.2308,101.6769,False
1721577515.7078688,0.0716,0.0628,0.3401,-0.0185,0.0056,100.0831,False,-7.0177,0.0628,23.3364,0.001,-0.0605,101.6769,False
1721577515.738823,0.0717,0.0628,0.2193,-0.0101,0.0014,100.0831,False,-6.2604,0.0628,26.8036,-0.0184,-0.349,101.5831,False
1721577515.7693553,0.0718,0.0628,0.1125,-0.0062,-0.0004,100.13,False,-5.4092,0.0628,30.0743,0.0037,0.1247,101.5831,False
1721577515.799673,0.0712,0.0628,0.0827,-0.0045,-0.0005,100.1769,False,-4.4968,0.0628,32.9252,-0.0102,-0.0,101.7706,False
1721577515.8310144,0.0718,0.0628,0.221,-0.018,0.0023,100.13,False,-3.4326,0.0628,36.2652,-0.0075,0.0214,101.5831,False
1721577515.8593714,0.072,0.0628,0.0741,-0.0011,-0.0,100.2237,False,-2.4921,0.0628,31.0895,0.1683,5.5399,101.5831,False
1721577515.8908339,0.0722,0.0628,0.177,-0.0057,0.0004,100.0362,False,-1.5676,0.0628,26.9704,0.1679,4.6741,101.5831,False
1721577515.9201753,0.0728,0.0628,0.2556,-0.0149,0.0025,100.1769,False,-0.8149,0.0628,23.7271,0.1289,3.1692,102.005,False
1721577515.9495306,0.0559,0.0,-1.0809,0.1177,0.1388,100.2237,False,-0.1894,0.0,20.3889,0.1806,3.828,102.6144,True
1721577515.97972,0.0319,0.0,1.4897,0.0017,-0.0007,100.2237,False,0.1747,0.0,8.8598,0.0151,0.1187,103.8825,True
1721577516.0108411,0.0376,0.0,-0.9637,0.0098,-0.0021,100.2237,False,0.3464,0.0,3.5452,0.0219,0.0417,106.3012,True
1721577516.040835,-0.1084,0.0,-5.6307,-0.0147,0.0362,100.1769,False,0.422,0.0,2.3975,-0.005,-0.003,106.6237,True
1721577516.0710185,-0.2651,0.0,-5.5342,0.0033,-0.0026,101.9581,False,0.4936,0.0,3.6461,-0.0075,-0.0036,106.3012,True
1721577516.1019993,-0.4264,0.0,-4.0914,-0.0125,0.0224,103.7212,False,0.6456,0.0,5.3214,-0.0017,-0.0014,105.8175,True
1721577516.1344035,-0.4438,0.0,0.4522,-0.0008,0.0007,105.71,True,0.796,-12.5664,4.514,0.0021,-0.0201,105.1725,True
1721577516.1647766,-0.4467,0.0,0.0383,-0.0016,0.0003,107.43,True,0.8475,-12.5664,-0.1603,0.0559,0.1183,105.1725,True
1721577516.1959357,-0.4465,0.0,-0.0321,-0.0064,-0.0013,108.6663,True,0.8074,-12.5664,-3.7157,0.0955,0.0663,104.9575,True
1721577516.2269616,-0.4441,0.0,0.0377,0.0048,0.0004,110.9014,True,0.6779,-12.5664,-6.566,0.0125,-0.0067,104.9037,True
1721577516.2567842,-0.4431,0.0,0.0847,0.0,0.0,113.3209,True,0.4693,-12.5664,-9.3892,0.0063,-0.0325,105.065,True
1721577516.2865152,-0.3907,0.0,3.7168,-0.0026,0.0002,115.2948,True,0.1781,-12.5664,-12.2656,-0.0098,0.0729,104.85,True
1721577516.317761,-0.2568,0.0,4.8884,-0.0122,-0.0183,119.1827,True,-0.2329,-12.5664,-15.1096,-0.0083,0.0877,104.2588,True
1721577516.3476915,-0.0964,0.0,5.914,0.0007,0.0115,123.1163,True,-0.716,-12.5664,-18.6358,0.0088,-0.106,103.2912,True
1721577516.3777328,0.1384,0.0,8.9873,-0.0274,-0.1521,124.4538,True,-1.2776,-12.5664,-21.4809,0.0001,0.0105,102.4737,True
1721577516.4091818,0.508,0.0,14.4245,-0.0232,-0.2452,119.0254,True,-1.9551,-12.5664,-23.8032,-0.0218,0.3907,102.2862,True
1721577516.4391675,0.933,0.0,12.3012,0.0157,0.1706,112.8116,True,-2.6911,-12.5664,-26.3096,-0.0263,0.9016,101.63,True
1721577516.4698782,1.4092,0.0,15.5474,0.0025,-0.0029,107.5912,True,-3.5392,-12.5664,-29.9087,-0.0302,0.8553,101.4894,False
1721577516.5008209,1.7525,0.0,9.1294,0.0194,0.1537,102.2394,True,-4.4908,-12.5664,-33.5813,-0.0043,0.3612,101.5831,False
1721577516.5295186,1.855,0.0,-2.0414,0.0061,-0.0049,99.7081,True,-5.4504,-12.5664,-36.0443,-0.02,-0.0298,101.6769,False
1721577516.561146,1.664,0.0628,-7.7178,0.0045,-0.0177,99.7081,False,-6.5816,0.0628,-38.8858,-0.0355,1.4444,101.5831,False
1721577516.590939,1.4375,0.0628,-8.6858,0.0104,-0.0643,99.755,False,-7.5815,0.0628,-31.2162,-0.2844,8.7968,101.6769,False
1721577516.6208684,1.0853,0.0628,-13.2921,0.0077,-0.0342,99.6612,False,-8.4337,0.0628,-27.3854,-0.2259,5.9826,101.5831,False
1721577516.6530035,0.6626,0.0628,-15.4149,0.0041,-0.0406,99.755,False,-9.1852,0.0628,-21.7903,-0.3243,6.9133,101.6769,False
1721577516.682542,0.2988,0.0628,-10.2975,-0.1026,1.1641,99.8956,False,-9.7551,0.0628,-17.2913,-0.2973,4.9615,101.7237,False
1721577516.7142088,0.043,0.0628,-6.4308,-0.1325,1.0159,99.8956,False,-10.1838,0.0628,-11.9574,-0.3883,4.7677,101.5831,False
1721577516.7439134,-0.0933,0.0628,-2.2626,-0.1416,0.708,99.8956,False,-10.4388,0.0628,-8.3111,-0.2656,1.7556,101.7706,False
1721577516.7746913,-0.1255,0.0628,0.1681,-0.0694,0.0432,100.0362,False,-10.5504,0.0628,-2.4438,-0.3325,0.7754,101.7237,False
1721577516.8046446,-0.0582,0.0628,3.221,-0.0098,-0.0042,100.0362,False,-10.5222,0.0628,2.228,-0.3402,0.2006,101.7237,False
1721577516.8349376,0.0484,0.0628,2.437,0.0522,0.1366,99.9425,False,-10.3854,0.0628,5.8447,-0.1475,-0.1684,101.7237,False
1721577516.8625443,0.067,0.0628,-0.3866,0.017,0.006,99.9894,False,-10.1749,0.0628,7.9661,-0.0544,-0.1708,101.4425,False
1721577516.8924315,0.0687,0.0628,0.2645,-0.0131,0.0022,99.9894,False,-9.8554,0.0628,11.7185,-0.1036,-0.4478,101.5831,False
1721577516.9258394,0.0695,0.0628,0.2733,-0.0129,0.004,99.9894,False,-9.4122,0.0628,15.391,-0.0412,-0.3654,101.7237,False
1721577516.9574409,0.0696,0.0628,0.2169,-0.005,0.0006,100.0831,False,-8.8538,0.0628,18.9351,-0.0068,-0.1125,101.7706,False
1721577516.9887269,0.0696,0.0628,0.2931,-0.0176,0.0062,99.9894,False,-8.2337,0.0628,22.7411,-0.0113,-0.4906,101.6769,False
1721577517.0192182,0.07,0.0628,0.1566,-0.0088,0.0007,100.0362,False,-7.4968,0.0628,26.3244,-0.0296,-0.3979,101.8175,False
1721577517.0493302,0.0702,0.0628,0.2618,-0.0052,0.001,100.13,False,-6.6908,0.0628,29.2319,-0.0108,-0.2369,101.6769,False
1721577517.0810606,0.0708,0.0628,0.2293,-0.0138,0.0029,100.0831,False,-5.7397,0.0628,32.6948,-0.008,-0.1381,101.7706,False
1721577517.110941,0.0709,0.0628,0.3087,-0.0214,0.0059,100.13,False,-4.7348,0.0628,35.9782,-0.0138,-0.2143,101.8175,False
1721577517.1408935,0.0716,0.0628,0.2196,-0.0129,0.0012,100.2237,False,-3.6647,0.0628,38.0139,0.0121,0.4677,101.7237,False
1721577517.171305,0.0717,0.0628,0.2197,-0.0151,0.0014,100.2237,False,-2.615,0.0628,32.5302,0.1106,3.584,101.8175,False
1721577517.201368,0.0722,0.0628,0.1812,-0.009,0.0006,100.2237,False,-1.6954,0.0628,28.2683,0.1808,5.0455,101.8644,False
1721577517.2320921,0.073,0.0628,0.1961,-0.02,-0.0002,100.2237,False,-0.8921,0.0628,24.1949,0.1697,4.1807,101.63,False
1721577517.262341,0.0732,0.0628,0.333,-0.0221,0.0067,100.2706,False,-0.2379,0.0628,20.7217,0.1702,3.5372,101.5831,False
1721577517.2921908,0.0726,0.0628,0.0578,-0.0013,0.0012,100.13,False,0.3258,0.0628,16.5452,0.1635,2.9022,101.6769,False
1721577517.3235683,0.0728,0.0628,0.0793,-0.0084,-0.0018,100.1769,False,0.7719,0.0628,12.673,0.1549,2.1021,101.7706,False
1721577517.356501,0.0721,0.0628,0.082,-0.0096,-0.0005,100.1769,False,1.1124,0.0628,8.4878,0.1784,1.7588,101.6769,False
1721577517.3869307,0.0719,0.0628,0.1693,-0.0051,0.0009,100.13,False,1.3104,0.0628,4.8418,0.1831,1.1449,101.5831,False
1721577517.4156206,0.0724,0.0628,0.3,-0.0214,0.0045,100.2237,False,1.3889,0.0628,0.714,0.1646,0.4984,101.7706,False
1721577517.448497,0.0719,0.0628,0.1062,-0.0084,-0.0006,100.1769,False,1.3651,0.0628,-1.8521,0.0533,0.0135,101.5831,False
1721577517.4782238,0.0728,0.0628,0.1646,-0.0045,0.0006,100.1769,False,1.2294,0.0628,-6.49,0.162,0.0076,101.5831,False
1721577517.5082831,0.0725,0.0628,0.0824,-0.009,-0.0006,100.1769,False,1.0138,0.0628,-8.1337,0.0086,0.0759,101.6769,False
1721577517.5400233,0.0723,0.0628,0.1635,-0.0117,0.0004,100.13,False,0.6644,0.0628,-13.3337,0.0026,-0.0171,101.6769,False
1721577517.5698283,0.0717,0.0628,-0.0702,0.0163,0.0043,100.2706,False,0.3132,0.0628,-9.4419,-0.0569,0.6609,101.7237,False
1721577517.601116,0.0731,0.0628,0.2381,-0.022,0.0017,100.3175,False,0.0306,0.0628,-7.4156,-0.023,0.1639,101.6769,False
1721577517.6303546,0.0736,0.0628,0.1746,-0.0084,-0.0,100.3644,False,-0.1192,0.0628,-3.0955,-0.0674,0.3067,101.5362,False
1721577517.6621957,0.074,0.0628,0.3039,-0.0122,0.002,100.1769,False,-0.1808,0.0628,-0.3493,-0.0199,0.016,101.6769,False
1721577517.6930869,0.0732,0.0628,0.1889,-0.0084,-0.0,100.3175,False,-0.1315,0.0628,3.893,-0.0874,0.0417,101.7237,False
1721577517.7218807,0.0729,0.0628,0.1861,-0.0214,-0.0007,100.1769,False,-0.0159,0.0628,5.0949,0.0332,0.1091,101.6769,False
1721577517.7540119,0.072,0.0628,0.066,-0.0073,-0.0031,100.2237,False,0.0495,0.0628,0.2926,0.1698,0.4119,101.7237,False
1721577517.7843747,0.0721,0.0628,0.1352,0.0,-0.0003,100.13,False,0.0497,0.0628,-0.1977,0.0305,0.0094,101.63,False
1721577517.8143575,0.0732,0.0628,0.234,-0.0245,0.0012,100.2237,False,0.0517,0.0628,-0.0159,0.022,0.0054,101.7237,False
1721577517.8443558,0.0736,0.0628,0.1625,-0.0168,-0.0018,100.2237,False,0.0509,0.0628,-0.1913,0.0305,0.015,101.6769,False
1721577517.873987,0.0735,0.0628,0.2026,-0.0214,-0.0007,100.2237,False,0.0509,0.0628,-0.1721,0.0566,0.024,101.6769,False
1721577517.903563,0.0731,0.0628,0.0503,-0.0052,-0.0006,100.1769,False,0.0509,0.0628,-0.1673,0.0392,0.02,101.4894,False
1721577517.9351056,0.0731,0.0628,0.0784,0.0039,0.0002,100.13,False,0.0505,0.0628,-0.3962,0.061,0.0421,101.6769,False
1721577517.9634857,0.0732,0.0628,0.1284,0.0115,0.0015,100.3175,False,0.052,0.0628,0.031,0.026,0.0047,101.7706,False
1721577517.9945104,0.0729,0.0628,-0.0115,0.0129,0.0034,100.1769,False,0.0501,0.0628,-0.406,0.048,0.0352,101.6769,False
1721577518.0250447,0.0731,0.0628,0.1379,-0.0091,-0.0003,100.3175,False,0.0504,0.0628,-0.3273,0.0392,0.0255,101.5831,False
1721577518.0551536,0.073,0.0628,0.1228,-0.0045,-0.0002,100.1769,False,0.0499,0.0628,-0.4675,0.0567,0.0401,101.6769,False
1721577518.0865574,0.0733,0.0628,0.2452,-0.0105,0.0024,100.2706,False,0.0508,0.0628,-0.2565,0.0305,0.0154,101.7237,False
1721577518.1181307,0.0731,0.0628,0.0791,-0.0014,0.0012,100.2706,False,0.05,0.0628,-0.4567,0.061,0.0448,101.7237,False
1721577518.149935,0.0732,0.0628,0.1421,-0.0175,-0.0015,100.2237,False,0.05,0.0628,-0.4956,0.0697,0.0498,101.7706,False
1721577518.1806803,0.0727,0.0628,0.0406,-0.0058,0.0007,100.2237,False,0.0507,0.0628,-0.2328,0.0436,0.0193,101.5831,False
1721577518.210908,0.073,0.0628,0.1347,0.0018,0.0016,100.3644,False,0.0509,0.0628,-0.1565,0.0348,0.0141,101.2081,False
1721577518.2410252,0.073,0.0628,0.1642,-0.0136,0.0004,100.1769,False,0.0504,0.0628,-0.2867,0.0479,0.0231,101.6769,False
1721577518.271153,0.0732,0.0628,0.1914,-0.0007,0.0008,100.2237,False,0.0511,0.0628,-0.1776,0.0395,0.0131,101.5831,False
1721577518.301552,0.0734,0.0628,0.2898,-0.0214,0.0039,100.3175,False,0.0515,0.0628,-0.0672,0.0129,0.0039,101.7237,False
1721577518.3321939,0.0732,0.0628,0.1141,-0.0,-0.0,100.2237,False,0.0502,0.0628,-0.3599,0.0523,0.0328,101.5362,False
1721577518.3609748,0.0729,0.0628,0.0507,0.0045,0.0007,100.4112,False,0.0508,0.0628,-0.1877,0.0349,0.0156,101.6769,False
1721577518.391277,0.0729,0.0628,0.0705,-0.0084,-0.0013,100.2237,False,0.0511,0.0628,-0.1771,0.0347,0.0109,101.63,False
1721577518.4221766,0.0731,0.0628,0.1393,-0.0175,-0.0002,100.1769,False,0.0503,0.0628,-0.3288,0.0523,0.024,101.63,False
1721577518.4552622,0.0728,0.0628,0.0204,-0.011,-0.0044,100.1769,False,0.05,0.0628,-0.3761,0.0654,0.0357,101.63,False
1721577518.4851456,0.0733,0.0628,0.2252,-0.0182,0.0004,100.2237,False,0.0507,0.0628,-0.3165,0.0436,0.0304,101.6769,False
1721577518.5146604,0.0733,0.0628,0.2386,-0.0228,0.004,100.2706,False,0.0513,0.0628,-0.1215,0.0303,0.0074,101.5831,False
1721577518.5468113,0.0736,0.0628,0.2553,-0.0168,0.0025,100.2706,False,0.0499,0.0628,-0.4659,0.0526,0.0342,102.005,False
1721577518.5718145,0.0723,0.0,-0.0512,-0.0535,0.0518,100.2237,False,0.0516,0.0,0.1174,0.0829,0.1611,101.6769,True
1721577518.6053412,0.0777,0.0628,0.0223,0.0035,-0.0018,100.2237,False,-0.0428,0.0628,-2.5707,0.0014,-0.0009,101.5831,False
1721577518.6365347,0.0739,0.0628,0.2928,-0.0137,0.0034,100.2237,False,-0.0445,0.0628,0.5059,-0.0005,0.0018,101.7237,False
1721577518.6661463,0.0734,0.0628,0.1187,-0.0151,-0.0023,100.3175,False,0.0295,0.0628,3.3583,0.0279,0.0996,101.6769,False
1721577518.6978147,0.0735,0.0628,0.1789,-0.0091,0.0005,100.1769,False,0.0499,0.0628,0.1288,0.0436,0.0147,101.5362,False
1721577518.7283587,0.0733,0.0628,0.1685,-0.0144,-0.0006,100.2706,False,0.0491,0.0628,-0.4844,0.0437,0.0309,101.6769,False
1721577518.756869,0.073,0.0628,0.087,-0.0084,-0.0015,100.2237,False,0.0509,0.0628,0.0307,0.0262,0.0036,101.7237,False
1721577518.7890036,0.0733,0.0628,0.1647,-0.006,0.0005,100.3644,False,0.0498,0.0628,-0.404,0.0567,0.0357,101.6769,False
1721577518.8202927,0.0742,0.0628,0.3394,-0.0237,0.008,100.3644,False,0.0499,0.0628,-0.3783,0.0437,0.026,101.5362,False
1721577518.8488722,0.0733,0.0628,0.1272,-0.0122,-0.0016,100.1769,False,0.0512,0.0628,-0.016,0.0174,0.0037,101.63,False
1721577518.8797874,0.0729,0.0628,0.0453,-0.0097,-0.0024,100.2237,False,0.0503,0.0628,-0.3517,0.0523,0.0259,101.7237,False
1721577518.9095218,0.0732,0.0628,0.1442,-0.0098,-0.0012,100.1769,False,0.051,0.0628,-0.0797,0.0174,0.0044,101.63,False
1721577518.9410026,0.0734,0.0628,0.1845,-0.0137,0.0001,100.3175,False,0.0511,0.0628,-0.1491,0.0304,0.0105,101.6769,False
1721577518.970919,0.0733,0.0628,0.1781,-0.0137,0.0009,100.3644,False,0.0505,0.0628,-0.2742,0.0392,0.0209,101.6769,False
1721577519.0022824,0.0735,0.0628,0.2121,-0.0214,0.0007,100.1769,False,0.0502,0.0628,-0.3642,0.0481,0.0296,101.4894,False
1721577519.0321677,0.0735,0.0628,0.263,-0.0137,0.0018,100.2237,False,0.0513,0.0628,-0.1627,0.0217,0.0079,101.8175,False
1721577519.06107,0.0717,0.0628,0.1096,-0.0129,-0.0001,100.2237,False,0.0557,0.0628,-0.0907,0.0341,0.0075,103.1837,False
1721577519.090743,0.0691,0.0,0.0036,-0.038,0.0278,100.2706,False,0.0661,0.0,0.1732,-0.038,0.0234,104.0975,True
1721577519.120004,0.0703,0.0,-0.0313,-0.0089,-0.0012,100.2706,False,0.0839,0.0,0.2666,-0.0065,-0.0016,104.9037,True
1721577519.1497612,0.07,0.0,0.1282,-0.0044,-0.0005,100.1769,False,0.137,0.0,2.3465,0.0021,0.0014,105.4412,True
1721577519.181463,0.0684,0.0,0.0256,-0.0002,-0.0004,100.2237,False,0.2359,0.0,3.2226,-0.0033,0.0012,105.495,True
1721577519.2117455,0.0681,0.0,-0.015,-0.0123,-0.0021,100.2237,False,0.3475,0.0,3.7774,0.0046,0.0032,105.6025,True
1721577519.2410843,0.068,0.0,-0.0853,-0.0043,-0.0005,100.3175,False,0.4285,0.0,2.1363,0.0174,0.0046,105.495,True
1721577519.2711077,0.0689,0.0,0.1867,-0.0044,-0.0005,100.3175,False,0.4267,0.0,0.29,-0.0202,-0.004,105.3337,True
1721577519.3024502,0.0683,0.0,-0.0223,-0.0087,0.0003,100.2237,False,0.4259,0.0,-0.024,-0.0076,-0.0008,104.7425,True
1721577519.3335702,0.0691,0.0,0.0666,0.0038,0.0001,100.2706,False,0.4251,0.0,-0.0869,-0.0048,-0.0011,104.0975,True
1721577519.36406,0.07,0.0,0.0653,0.0,0.0,100.2237,False,0.4231,0.0,-0.0473,0.0044,0.0,103.775,True
1721577519.394011,0.0709,0.0,0.103,0.0005,0.0002,100.2706,False,0.4201,0.0,-0.0913,0.0019,0.0001,103.2375,True
1721577519.4250464,0.0719,0.0,0.1559,0.0056,0.0011,100.3175,False,0.408,0.0,-1.1795,-0.0,0.0,102.8956,True
1721577519.456169,0.0722,0.0,0.0316,-0.0006,-0.0004,100.2706,False,0.33,0.0,-2.6896,0.0022,-0.0014,102.755,True
1721577519.4862525,0.0724,0.0,-0.0075,0.0078,-0.0,100.1769,False,0.2987,0.0,0.5298,0.0084,0.0006,102.3331,True
1721577519.516157,0.0727,0.0,-0.0589,0.0045,0.0001,100.3644,False,0.2962,0.0,-0.0912,0.0,-0.0,102.2862,True
1721577519.5466433,0.0735,0.0,0.0841,-0.0007,-0.0007,100.1769,False,0.2963,0.0,0.0278,-0.0081,-0.0003,102.2862,True
1721577519.578986,0.0733,0.0,-0.0004,0.0024,-0.0,100.2706,False,0.2963,0.0,0.0322,-0.0011,-0.0001,102.4737,True
1721577519.6090097,0.0734,0.0,0.106,0.0038,0.0,100.2706,False,0.2963,0.0,-0.1074,0.0006,-0.0,102.5675,True
1721577519.639457,0.0732,0.0,0.0076,0.0,0.0,100.1769,False,0.297,0.0,0.0358,-0.0009,0.0005,102.8956,True
1721577519.6710324,0.0729,0.0,0.0161,-0.0123,-0.0017,100.2706,False,0.298,0.0,0.0199,0.0042,-0.0002,103.1837,True
1721577519.7017858,0.0726,0.0,-0.0527,0.0013,0.0003,100.13,False,0.2986,0.0,0.0089,-0.0042,0.0001,103.4525,True
1721577519.7322798,0.0729,0.0,0.0621,0.0032,-0.0005,100.2706,False,0.2992,0.0,0.0022,-0.0087,0.0002,103.5062,True
1721577519.763262,0.0727,0.0,0.064,0.0045,0.0004,100.3175,False,0.2994,0.0,-0.0463,0.0085,-0.0001,103.9362,True
1721577519.7936566,0.0725,0.0,0.0406,0.0051,0.0009,100.2237,False,0.2994,0.0,-0.1605,-0.0,0.0,103.99,True
1721577519.8221858,0.0726,0.0,0.0213,0.0006,0.0001,100.1769,False,0.2999,0.0,-0.0094,-0.0,0.0,103.99,True
1721577519.8519902,0.0725,0.0,-0.0802,-0.0019,-0.0023,100.3644,False,0.2991,0.0,-0.1188,0.0042,-0.0004,103.3988,True
1721577519.8834722,0.0725,0.0,-0.0116,0.0006,0.0,100.2706,False,0.2988,0.0,-0.0365,-0.0042,0.0003,103.1837,True
1721577519.9133599,0.0728,0.0,-0.0339,0.0045,0.0003,100.2237,False,0.2988,0.0,0.0113,-0.0084,0.0,103.0831,True
1721577519.9439082,0.0729,0.0,-0.0067,-0.0084,-0.0009,100.2706,False,0.2989,0.0,0.0078,0.0005,-0.0008,103.0831,True
1721577519.974182,0.073,0.0,-0.0456,-0.0064,-0.0011,100.2237,False,0.2988,0.0,-0.0437,-0.0048,0.0007,103.2375,True
1721577520.005854,0.0721,0.0,-0.1669,-0.0045,0.0001,100.3175,False,0.2993,0.0,0.0185,-0.0179,-0.0002,103.2912,True
1721577520.0369582,0.0725,0.0,-0.0817,-0.0026,-0.0006,100.2706,False,0.2994,0.0,-0.0047,0.0083,-0.0007,103.1837,True
1721577520.066049,0.0725,0.0,-0.0792,-0.0045,-0.0006,100.2706,False,0.2993,0.0,0.0501,-0.0047,0.0003,103.0831,True
1721577520.096093,0.0726,0.0,-0.0156,-0.0039,-0.0003,100.2237,False,0.2995,0.0,0.0205,0.0045,-0.0005,103.5062,True
1721577520.1259465,0.0727,0.0,0.022,-0.0052,-0.0008,100.3175,False,0.2989,0.0,-0.0892,-0.0182,0.0015,103.3988,True
1721577520.1568055,0.0727,0.0,0.0009,-0.0045,-0.0004,100.2706,False,0.2987,0.0,-0.131,-0.009,0.0006,103.8288,True
1721577520.1863837,0.0725,0.0,0.0089,0.0136,0.001,100.2706,False,0.2992,0.0,0.0105,-0.0087,0.0006,103.4525,True
1721577520.2176542,0.0726,0.0,-0.0267,0.0045,0.0005,100.3175,False,0.2986,0.0,0.0006,0.0048,-0.0007,103.2912,True
1721577520.2479074,0.0727,0.0,-0.0443,0.0039,-0.0003,100.2237,False,0.2988,0.0,0.0287,-0.0036,-0.0007,103.1837,True
1721577520.277672,0.0731,0.0,0.0602,-0.0116,-0.0015,100.2237,False,0.299,0.0,0.0478,-0.009,0.0003,103.0831,True
1721577520.3072164,0.0725,0.0,-0.1126,0.0084,0.0005,100.2237,False,0.2983,0.0,-0.1208,-0.0,-0.0,103.345,True
1721577520.337461,0.0732,0.0,0.0546,0.0,0.0,100.2237,False,0.2991,0.0,0.0593,-0.0003,-0.0003,103.2375,True
1721577520.3679059,0.073,0.0,0.0307,-0.0007,-0.0001,100.2237,False,0.2987,0.0,-0.0791,-0.0087,-0.0001,103.1837,True
1721577520.3985744,0.0727,0.0,-0.0549,-0.0006,-0.0003,100.2706,False,0.2992,0.0,0.0167,0.0045,0.0004,103.1837,True
1721577520.4295013,0.0728,0.0,0.0128,0.0,0.0002,100.3175,False,0.2992,0.0,0.0163,0.0087,-0.0008,103.4525,True
1721577520.4602568,0.0728,0.0,-0.0271,-0.0039,-0.0005,100.1769,False,0.2992,0.0,-0.0622,-0.0038,-0.0014,103.3988,True
1721577520.4907985,0.0727,0.0,-0.0598,0.0045,0.0002,100.13,False,0.2994,0.0,0.0084,0.0089,-0.001,103.775,True
1721577520.5201828,0.0731,0.0,0.0651,-0.0007,-0.0001,100.1769,False,0.299,0.0,-0.1051,0.0087,-0.0007,103.6675,True
1721577520.5503297,0.0728,0.0,0.0579,0.0039,0.0001,100.1769,False,0.2994,0.0,0.0431,0.0045,-0.0005,103.775,True
1721577520.5796213,0.073,0.0,0.1036,0.0,0.0,100.2706,False,0.2992,0.0,0.009,-0.004,-0.0008,103.4525,True
1721577520.6108751,0.073,0.0,0.0434,-0.0052,-0.001,100.1769,False,0.2989,0.0,0.0187,-0.0,0.0,103.3988,True
1721577520.6421568,0.0728,0.0,0.0156,-0.0052,-0.0007,100.2237,False,0.2993,0.0,0.0925,-0.0085,0.0001,103.1837,True
1721577520.6730902,0.073,0.0,0.1059,-0.0045,-0.0004,100.3175,False,0.2989,0.0,0.0305,-0.005,0.0002,103.0831,True
1721577520.7019844,0.0727,0.0,-0.0457,0.0052,-0.0004,100.3175,False,0.2989,0.0,0.0013,0.0003,-0.0004,103.2375,True
1721577520.7340508,0.0729,0.0,0.0525,0.0129,0.0004,100.1769,False,0.299,0.0,-0.0253,-0.0005,0.0001,103.0831,True
1721577520.763726,0.0727,0.0,-0.0068,0.0078,0.0001,100.3175,False,0.299,0.0,-0.0047,0.0042,0.0001,103.13,True
1721577520.7953472,0.0731,0.0,0.0936,-0.0027,0.0002,100.2237,False,0.2989,0.0,-0.0392,0.004,-0.0003,103.2375,True
1721577520.8238046,0.0726,0.0,-0.0348,0.0045,0.0004,100.2237,False,0.2986,0.0,-0.0556,-0.0093,0.0006,103.1837,True
1721577520.8550396,0.0728,0.0,0.0144,-0.0078,-0.001,100.2237,False,0.299,0.0,-0.0231,0.0003,-0.0004,103.3988,True
1721577520.8860555,0.0726,0.0,-0.0078,-0.0052,-0.0006,100.1769,False,0.299,0.0,-0.0,0.0042,-0.0002,103.6137,True
1721577520.9149773,0.0732,0.0,0.1626,0.0046,0.0002,100.2237,False,0.2995,0.0,0.1125,0.0002,-0.0003,103.56,True
1721577520.9462788,0.0729,0.0,0.0178,0.0,0.0,100.2237,False,0.2995,0.0,0.1268,-0.0002,0.0002,103.5062,True
1721577520.9780176,0.0728,0.0,0.0437,0.0129,0.0002,100.2706,False,0.2991,0.0,-0.0741,-0.0,-0.0,103.3988,True
1721577521.0089178,0.0728,0.0,0.0177,0.0078,0.0001,100.13,False,0.2992,0.0,-0.0127,-0.0047,0.0003,103.13,True
1721577521.0394247,0.0728,0.0,0.0206,0.0039,-0.0004,100.2237,False,0.2988,0.0,-0.0683,0.0082,-0.0003,103.13,True
1721577521.0694675,0.0731,0.0,0.0791,0.0,0.0,100.3175,False,0.2988,0.0,-0.0639,0.0003,-0.0002,103.2912,True
1721577521.100673,0.073,0.0,0.0412,0.0032,-0.0004,100.1769,False,0.2989,0.0,-0.0442,-0.0,-0.0006,103.4525,True
1721577521.1301515,0.0727,0.0,-0.0028,-0.0084,-0.0008,100.3175,False,0.2992,0.0,-0.0041,0.0,0.0,103.345,True
1721577521.1605291,0.0727,0.0,-0.0342,0.002,-0.0021,100.1769,False,0.2986,0.0,-0.075,0.0045,-0.0006,103.13,True
1721577521.1909027,0.0726,0.0,-0.0082,0.0052,-0.0007,100.3644,False,0.2992,0.0,0.0746,-0.009,-0.0005,103.4525,True
1721577521.2195108,0.0725,0.0,-0.0278,-0.0033,0.0001,100.13,False,0.2987,0.0,-0.0232,-0.0,0.0,103.2375,True
1721577521.2520316,0.0725,0.0,-0.0283,-0.0123,-0.0013,100.3175,False,0.2994,0.0,0.1502,-0.0,0.0,103.5062,True
1721577521.281824,0.0727,0.0,0.0194,0.0006,0.0001,100.4112,False,0.2986,0.0,-0.0869,-0.0048,0.0003,103.2912,True
1721577521.311802,0.0727,0.0,0.0331,0.002,-0.0015,100.2706,False,0.2985,0.0,-0.1079,-0.0003,0.0004,103.345,True
1721577521.3418436,0.0729,0.0,0.073,0.0052,0.0005,100.1769,False,0.299,0.0,-0.0058,-0.009,-0.0028,103.3988,True
1721577521.372029,0.0725,0.0,-0.087,0.0045,0.0003,100.2706,False,0.2992,0.0,0.0281,-0.0,0.0,103.2375,True
1721577521.4019434,0.0727,0.0,-0.0024,0.0084,0.0003,100.2706,False,0.2993,0.0,0.0898,0.0002,-0.0005,103.2375,True
1721577521.4340181,0.0729,0.0,0.0761,-0.0129,-0.0013,100.2706,False,0.2989,0.0,-0.0103,0.0,-0.0,103.2912,True
1721577521.4639783,0.0728,0.0,0.0314,0.0052,0.0006,100.3175,False,0.2987,0.0,-0.1083,0.0087,-0.001,103.5062,True
